timeStamp,elapsed,label,responseCode,responseMessage,threadName,dataType,success,failureMessage,bytes,sentBytes,grpThreads,allThreads,URL,Latency,IdleTime,Connect
1646772746698,199,get_method,200,OK,Ne4kov 1-1,text,true,,160,150,7,7,http://162.55.220.72:5005/get_method?name=Igor&age=31,199,0,108
1646772746735,167,get_method,200,OK,Ne4kov 1-2,text,true,,160,150,7,7,http://162.55.220.72:5005/get_method?name=Igor&age=31,166,0,75
1646772746781,172,get_method,200,OK,Ne4kov 1-3,text,true,,160,150,9,9,http://162.55.220.72:5005/get_method?name=Igor&age=31,171,0,79
1646772746805,169,get_method,200,OK,Ne4kov 1-4,text,true,,160,150,10,10,http://162.55.220.72:5005/get_method?name=Igor&age=31,169,0,81
1646772746834,174,get_method,200,OK,Ne4kov 1-5,text,true,,160,150,11,11,http://162.55.220.72:5005/get_method?name=Igor&age=31,174,0,91
1646772746852,179,get_method,200,OK,Ne4kov 1-6,text,true,,160,150,12,12,http://162.55.220.72:5005/get_method?name=Igor&age=31,179,0,100
1646772746874,160,get_method,200,OK,Ne4kov 1-7,text,true,,160,150,12,12,http://162.55.220.72:5005/get_method?name=Igor&age=31,160,0,81
1646772746899,149,user_info_2,200,OK,Ne4kov 1-1,text,true,,380,246,13,13,http://162.55.220.72:5005/user_info_2,149,0,74
1646772746905,151,get_method,200,OK,Ne4kov 1-8,text,true,,160,150,13,13,http://162.55.220.72:5005/get_method?name=Igor&age=31,150,0,75
1646772746928,155,get_method,200,OK,Ne4kov 1-9,text,true,,160,150,14,14,http://162.55.220.72:5005/get_method?name=Igor&age=31,155,0,80
1646772746954,155,user_info_2,200,OK,Ne4kov 1-3,text,true,,380,246,15,15,http://162.55.220.72:5005/user_info_2,155,0,77
1646772746961,160,get_method,200,OK,Ne4kov 1-10,text,true,,160,150,15,15,http://162.55.220.72:5005/get_method?name=Igor&age=31,160,0,76
1646772746974,158,user_info_2,200,OK,Ne4kov 1-4,text,true,,380,246,15,15,http://162.55.220.72:5005/user_info_2,158,0,79
1646772747005,159,get_method,200,OK,Ne4kov 1-11,text,true,,160,150,16,16,http://162.55.220.72:5005/get_method?name=Igor&age=31,159,0,74
1646772747018,153,get_method,200,OK,Ne4kov 1-12,text,true,,160,150,17,17,http://162.55.220.72:5005/get_method?name=Igor&age=31,152,0,70
1646772747009,162,user_info_2,200,OK,Ne4kov 1-5,text,true,,380,246,17,17,http://162.55.220.72:5005/user_info_2,162,0,76
1646772747032,157,user_info_2,200,OK,Ne4kov 1-6,text,true,,380,246,17,17,http://162.55.220.72:5005/user_info_2,157,0,78
1646772747049,147,user_info_3,200,OK,Ne4kov 1-1,text,true,,260,246,17,17,http://162.55.220.72:5005/user_info_3,147,0,72
1646772747035,161,user_info_2,200,OK,Ne4kov 1-7,text,true,,380,246,17,17,http://162.55.220.72:5005/user_info_2,161,0,76
1646772747056,163,user_info_2,200,OK,Ne4kov 1-8,text,true,,380,246,18,18,http://162.55.220.72:5005/user_info_2,163,0,76
1646772747078,152,get_method,200,OK,Ne4kov 1-14,text,true,,160,150,19,19,http://162.55.220.72:5005/get_method?name=Igor&age=31,152,0,73
1646772747084,168,user_info_2,200,OK,Ne4kov 1-9,text,true,,380,246,19,19,http://162.55.220.72:5005/user_info_2,168,0,80
1646772747108,161,get_method,200,OK,Ne4kov 1-15,text,true,,160,150,20,20,http://162.55.220.72:5005/get_method?name=Igor&age=31,161,0,77
1646772747137,171,get_method,200,OK,Ne4kov 1-16,text,true,,160,150,21,21,http://162.55.220.72:5005/get_method?name=Igor&age=31,171,0,82
1646772747122,188,user_info_2,200,OK,Ne4kov 1-10,text,true,,380,246,21,21,http://162.55.220.72:5005/user_info_2,187,0,96
1646772747133,179,user_info_3,200,OK,Ne4kov 1-4,text,true,,260,246,21,21,http://162.55.220.72:5005/user_info_3,179,0,86
1646772747171,157,user_info_3,200,OK,Ne4kov 1-5,text,true,,260,246,22,22,http://162.55.220.72:5005/user_info_3,157,0,72
1646772747165,164,user_info_2,200,OK,Ne4kov 1-11,text,true,,380,246,22,22,http://162.55.220.72:5005/user_info_2,164,0,76
1646772747169,161,get_method,200,OK,Ne4kov 1-17,text,true,,160,150,22,22,http://162.55.220.72:5005/get_method?name=Igor&age=31,160,0,74
1646772747171,165,user_info_2,200,OK,Ne4kov 1-12,text,true,,380,246,22,22,http://162.55.220.72:5005/user_info_2,165,0,77
1646772747190,180,user_info_3,200,OK,Ne4kov 1-6,text,true,,260,246,23,23,http://162.55.220.72:5005/user_info_3,179,0,74
1646772747197,175,user_info_3,200,OK,Ne4kov 1-7,text,true,,260,246,23,23,http://162.55.220.72:5005/user_info_3,175,0,72
1646772747196,178,object_info_1,200,OK,Ne4kov 1-1,text,true,,210,163,23,23,http://162.55.220.72:5005/object_info_1?name=Igor&age=31&weight=66,178,0,78
1646772747230,169,user_info_2,200,OK,Ne4kov 1-14,text,true,,380,246,24,24,http://162.55.220.72:5005/user_info_2,168,0,81
1646772747218,184,get_method,200,OK,Ne4kov 1-18,text,true,,160,150,24,24,http://162.55.220.72:5005/get_method?name=Igor&age=31,184,0,93
1646772747226,197,get_method,200,OK,Ne4kov 1-19,text,true,,160,150,25,25,http://162.55.220.72:5005/get_method?name=Igor&age=31,197,0,88
1646772747255,170,get_method,200,OK,Ne4kov 1-20,text,true,,160,150,25,25,http://162.55.220.72:5005/get_method?name=Igor&age=31,169,0,77
1646772747220,203,user_info_3,200,OK,Ne4kov 1-8,text,true,,260,246,25,25,http://162.55.220.72:5005/user_info_3,203,0,91
1646772747269,188,user_info_2,200,OK,Ne4kov 1-15,text,true,,380,246,25,25,http://162.55.220.72:5005/user_info_2,188,0,105
1646772747305,173,get_method,200,OK,Ne4kov 1-21,text,true,,160,150,25,25,http://162.55.220.72:5005/get_method?name=Igor&age=31,173,0,93
1646772747308,173,user_info_2,200,OK,Ne4kov 1-16,text,true,,380,246,25,25,http://162.55.220.72:5005/user_info_2,173,0,90
1646772747310,199,user_info_3,200,OK,Ne4kov 1-10,text,true,,260,246,26,26,http://162.55.220.72:5005/user_info_3,199,0,92
1646772747316,195,get_method,200,OK,Ne4kov 1-22,text,true,,160,150,26,26,http://162.55.220.72:5005/get_method?name=Igor&age=31,195,0,107
1646772747329,189,object_info_1,200,OK,Ne4kov 1-5,text,true,,210,163,26,26,http://162.55.220.72:5005/object_info_1?name=Igor&age=31&weight=66,189,0,94
1646772747314,204,object_info_1,200,OK,Ne4kov 1-4,text,true,,210,163,26,26,http://162.55.220.72:5005/object_info_1?name=Igor&age=31&weight=66,204,0,109
1646772747330,201,user_info_2,200,OK,Ne4kov 1-17,text,true,,380,246,27,27,http://162.55.220.72:5005/user_info_2,201,0,94
1646772747330,202,user_info_3,200,OK,Ne4kov 1-11,text,true,,260,246,27,27,http://162.55.220.72:5005/user_info_3,202,0,94
1646772747366,167,get_method,200,OK,Ne4kov 1-23,text,true,,160,150,27,27,http://162.55.220.72:5005/get_method?name=Igor&age=31,166,0,75
1646772747371,167,object_info_1,200,OK,Ne4kov 1-6,text,true,,210,163,27,27,http://162.55.220.72:5005/object_info_1?name=Igor&age=31&weight=66,167,0,77
1646772747373,169,object_info_1,200,OK,Ne4kov 1-7,text,true,,210,163,27,27,http://162.55.220.72:5005/object_info_1?name=Igor&age=31&weight=66,169,0,75
1646772747374,168,object_info_2,200,OK,Ne4kov 1-1,text,true,,380,164,27,27,http://162.55.220.72:5005/object_info_2?name=Igor&age=31&salary=500,168,0,75
1646772747396,172,get_method,200,OK,Ne4kov 1-24,text,true,,160,150,28,28,http://162.55.220.72:5005/get_method?name=Igor&age=31,172,0,75
1646772747401,170,user_info_3,200,OK,Ne4kov 1-14,text,true,,260,246,28,28,http://162.55.220.72:5005/user_info_3,170,0,85
1646772747402,171,user_info_2,200,OK,Ne4kov 1-18,text,true,,380,246,28,28,http://162.55.220.72:5005/user_info_2,171,0,85
1646772747424,178,user_info_2,200,OK,Ne4kov 1-19,text,true,,380,246,29,29,http://162.55.220.72:5005/user_info_2,177,0,89
1646772747425,178,object_info_1,200,OK,Ne4kov 1-8,text,true,,210,163,29,29,http://162.55.220.72:5005/object_info_1?name=Igor&age=31&weight=66,178,0,95
1646772747426,201,get_method,200,OK,Ne4kov 1-25,text,true,,160,150,30,30,http://162.55.220.72:5005/get_method?name=Igor&age=31,201,0,105
1646772747457,172,user_info_3,200,OK,Ne4kov 1-15,text,true,,260,246,30,30,http://162.55.220.72:5005/user_info_3,172,0,80
1646772747425,206,user_info_2,200,OK,Ne4kov 1-20,text,true,,380,246,30,30,http://162.55.220.72:5005/user_info_2,205,0,107
1646772747047,586,get_method,200,OK,Ne4kov 1-13,text,true,,160,150,30,30,http://162.55.220.72:5005/get_method?name=Igor&age=31,585,0,79
1646772747478,186,user_info_2,200,OK,Ne4kov 1-21,text,true,,380,246,31,31,http://162.55.220.72:5005/user_info_2,186,0,92
1646772747481,185,user_info_3,200,OK,Ne4kov 1-16,text,true,,260,246,31,31,http://162.55.220.72:5005/user_info_3,185,0,89
1646772747507,185,get_method,200,OK,Ne4kov 1-26,text,true,,160,150,32,32,http://162.55.220.72:5005/get_method?name=Igor&age=31,184,0,91
1646772747509,184,object_info_1,200,OK,Ne4kov 1-10,text,true,,210,163,32,32,http://162.55.220.72:5005/object_info_1?name=Igor&age=31&weight=66,183,0,89
1646772747519,178,object_info_2,200,OK,Ne4kov 1-4,text,true,,380,164,32,32,http://162.55.220.72:5005/object_info_2?name=Igor&age=31&salary=500,178,0,80
1646772747512,187,user_info_2,200,OK,Ne4kov 1-22,text,true,,380,246,32,32,http://162.55.220.72:5005/user_info_2,187,0,86
1646772747530,172,get_method,200,OK,Ne4kov 1-27,text,true,,160,150,32,32,http://162.55.220.72:5005/get_method?name=Igor&age=31,171,0,74
1646772747520,183,object_info_2,200,OK,Ne4kov 1-5,text,true,,380,164,32,32,http://162.55.220.72:5005/object_info_2?name=Igor&age=31&salary=500,183,0,84
1646772747531,194,user_info_3,200,OK,Ne4kov 1-17,text,true,,260,246,33,33,http://162.55.220.72:5005/user_info_3,194,0,95
1646772747532,193,object_info_1,200,OK,Ne4kov 1-11,text,true,,210,163,33,33,http://162.55.220.72:5005/object_info_1?name=Igor&age=31&weight=66,193,0,97
1646772747533,193,user_info_2,200,OK,Ne4kov 1-23,text,true,,380,246,33,33,http://162.55.220.72:5005/user_info_2,193,0,96
1646772747110,619,user_info_3,200,OK,Ne4kov 1-3,text,true,,260,246,33,33,http://162.55.220.72:5005/user_info_3,619,0,82
1646772747543,212,object_info_3,200,OK,Ne4kov 1-1,text,true,,330,164,34,34,http://162.55.220.72:5005/object_info_3?name=Igor&age=31&salary=500,211,0,92
1646772747539,217,object_info_2,200,OK,Ne4kov 1-6,text,true,,380,164,34,34,http://162.55.220.72:5005/object_info_2?name=Igor&age=31&salary=500,217,0,93
1646772747542,215,object_info_2,200,OK,Ne4kov 1-7,text,true,,380,164,34,34,http://162.55.220.72:5005/object_info_2?name=Igor&age=31&salary=500,215,0,93
1646772747565,193,get_method,200,OK,Ne4kov 1-28,text,true,,160,150,34,34,http://162.55.220.72:5005/get_method?name=Igor&age=31,193,0,78
1646772747569,189,user_info_2,200,OK,Ne4kov 1-24,text,true,,380,246,34,34,http://162.55.220.72:5005/user_info_2,189,0,74
1646772747571,205,object_info_1,200,OK,Ne4kov 1-14,text,true,,210,163,35,35,http://162.55.220.72:5005/object_info_1?name=Igor&age=31&weight=66,205,0,97
1646772747596,180,get_method,200,OK,Ne4kov 1-29,text,true,,160,150,35,35,http://162.55.220.72:5005/get_method?name=Igor&age=31,179,0,73
1646772747573,203,user_info_3,200,OK,Ne4kov 1-18,text,true,,260,246,35,35,http://162.55.220.72:5005/user_info_3,203,0,95
1646772747602,176,user_info_3,200,OK,Ne4kov 1-19,text,true,,260,246,35,35,http://162.55.220.72:5005/user_info_3,176,0,90
1646772747603,175,object_info_2,200,OK,Ne4kov 1-8,text,true,,380,164,35,35,http://162.55.220.72:5005/object_info_2?name=Igor&age=31&salary=500,175,0,95
1646772747625,183,get_method,200,OK,Ne4kov 1-30,text,true,,160,150,36,36,http://162.55.220.72:5005/get_method?name=Igor&age=31,183,0,79
1646772747631,187,user_info_3,200,OK,Ne4kov 1-20,text,true,,260,246,36,36,http://162.55.220.72:5005/user_info_3,187,0,97
1646772747628,191,user_info_2,200,OK,Ne4kov 1-25,text,true,,380,246,36,36,http://162.55.220.72:5005/user_info_2,191,0,98
1646772747630,211,object_info_1,200,OK,Ne4kov 1-15,text,true,,210,163,37,37,http://162.55.220.72:5005/object_info_1?name=Igor&age=31&weight=66,211,0,98
1646772747633,208,user_info_2,200,OK,Ne4kov 1-13,text,true,,380,246,37,37,http://162.55.220.72:5005/user_info_2,208,0,95
1646772747668,203,object_info_1,200,OK,Ne4kov 1-16,text,true,,210,163,38,38,http://162.55.220.72:5005/object_info_1?name=Igor&age=31&weight=66,203,0,91
1646772747641,232,get_method,200,OK,Ne4kov 1-31,text,true,,160,150,38,38,http://162.55.220.72:5005/get_method?name=Igor&age=31,232,0,117
1646772747253,621,user_info_3,200,OK,Ne4kov 1-9,text,true,,260,246,38,38,http://162.55.220.72:5005/user_info_3,621,0,77
1646772747665,210,user_info_3,200,OK,Ne4kov 1-21,text,true,,260,246,38,38,http://162.55.220.72:5005/user_info_3,210,0,94
1646772747692,184,user_info_2,200,OK,Ne4kov 1-26,text,true,,380,246,38,38,http://162.55.220.72:5005/user_info_2,184,0,85
1646772747689,189,get_method,200,OK,Ne4kov 1-32,text,true,,160,150,38,38,http://162.55.220.72:5005/get_method?name=Igor&age=31,189,0,88
1646772747693,193,object_info_2,200,OK,Ne4kov 1-10,text,true,,380,164,38,38,http://162.55.220.72:5005/object_info_2?name=Igor&age=31&salary=500,193,0,84
1646772747700,189,user_info_3,200,OK,Ne4kov 1-22,text,true,,260,246,38,38,http://162.55.220.72:5005/user_info_3,189,0,81
1646772747703,188,object_info_3,200,OK,Ne4kov 1-5,text,true,,330,164,38,38,http://162.55.220.72:5005/object_info_3?name=Igor&age=31&salary=500,188,0,83
1646772747702,191,user_info_2,200,OK,Ne4kov 1-27,text,true,,380,246,38,38,http://162.55.220.72:5005/user_info_2,191,0,84
1646772747698,194,object_info_3,200,OK,Ne4kov 1-4,text,true,,330,164,38,38,http://162.55.220.72:5005/object_info_3?name=Igor&age=31&salary=500,194,0,87
1646772747726,187,object_info_2,200,OK,Ne4kov 1-11,text,true,,380,164,39,39,http://162.55.220.72:5005/object_info_2?name=Igor&age=31&salary=500,186,0,83
1646772747723,191,get_method,200,OK,Ne4kov 1-33,text,true,,160,150,39,39,http://162.55.220.72:5005/get_method?name=Igor&age=31,191,0,85
1646772747725,190,object_info_1,200,OK,Ne4kov 1-17,text,true,,210,163,39,39,http://162.55.220.72:5005/object_info_1?name=Igor&age=31&weight=66,190,0,84
1646772747727,192,user_info_3,200,OK,Ne4kov 1-23,text,true,,260,246,39,39,http://162.55.220.72:5005/user_info_3,192,0,86
1646772747752,192,get_method,200,OK,Ne4kov 1-34,text,true,,160,150,40,40,http://162.55.220.72:5005/get_method?name=Igor&age=31,192,0,90
1646772747756,189,object_info_4,200,OK,Ne4kov 1-1,text,true,,201,165,40,40,http://162.55.220.72:5005/object_info_4?name=Igor&age=31&salary=1000,189,0,86
1646772747757,189,object_info_3,200,OK,Ne4kov 1-6,text,true,,330,164,39,39,http://162.55.220.72:5005/object_info_3?name=Igor&age=31&salary=500,189,0,85
1646772747757,190,object_info_3,200,OK,Ne4kov 1-7,text,true,,330,164,39,39,http://162.55.220.72:5005/object_info_3?name=Igor&age=31&salary=500,190,0,86
1646772747758,194,user_info_2,200,OK,Ne4kov 1-28,text,true,,380,246,39,39,http://162.55.220.72:5005/user_info_2,193,0,85
1646772747758,195,user_info_3,200,OK,Ne4kov 1-24,text,true,,260,246,39,39,http://162.55.220.72:5005/user_info_3,195,0,89
1646772747760,217,get_method,200,OK,Ne4kov 1-35,text,true,,160,150,39,39,http://162.55.220.72:5005/get_method?name=Igor&age=31,216,0,115
1646772747776,201,object_info_1,200,OK,Ne4kov 1-18,text,true,,210,163,39,39,http://162.55.220.72:5005/object_info_1?name=Igor&age=31&weight=66,201,0,100
1646772747776,202,object_info_2,200,OK,Ne4kov 1-14,text,true,,380,164,39,39,http://162.55.220.72:5005/object_info_2?name=Igor&age=31&salary=500,202,0,100
1646772747776,203,user_info_2,200,OK,Ne4kov 1-29,text,true,,380,246,39,39,http://162.55.220.72:5005/user_info_2,202,0,100
1646772747778,227,object_info_1,200,OK,Ne4kov 1-19,text,true,,210,163,41,41,http://162.55.220.72:5005/object_info_1?name=Igor&age=31&weight=66,227,0,101
1646772747778,228,object_info_3,200,OK,Ne4kov 1-8,text,true,,330,164,41,41,http://162.55.220.72:5005/object_info_3?name=Igor&age=31&salary=500,228,0,110
1646772747806,203,get_method,200,OK,Ne4kov 1-36,text,true,,160,150,41,41,http://162.55.220.72:5005/get_method?name=Igor&age=31,203,0,87
1646772747808,204,user_info_2,200,OK,Ne4kov 1-30,text,true,,380,246,41,41,http://162.55.220.72:5005/user_info_2,203,0,104
1646772747336,679,user_info_3,200,OK,Ne4kov 1-12,text,true,,260,246,41,41,http://162.55.220.72:5005/user_info_3,678,0,88
1646772747818,198,object_info_1,200,OK,Ne4kov 1-20,text,true,,210,163,41,41,http://162.55.220.72:5005/object_info_1?name=Igor&age=31&weight=66,197,0,101
1646772747839,216,get_method,200,OK,Ne4kov 1-37,text,true,,160,150,43,43,http://162.55.220.72:5005/get_method?name=Igor&age=31,216,0,82
1646772747819,237,user_info_3,200,OK,Ne4kov 1-25,text,true,,260,246,43,43,http://162.55.220.72:5005/user_info_3,237,0,102
1646772747841,216,object_info_2,200,OK,Ne4kov 1-15,text,true,,380,164,43,43,http://162.55.220.72:5005/object_info_2?name=Igor&age=31&salary=500,216,0,103
1646772747872,189,object_info_2,200,OK,Ne4kov 1-16,text,true,,380,164,43,43,http://162.55.220.72:5005/object_info_2?name=Igor&age=31&salary=500,189,0,101
1646772747870,193,get_method,200,OK,Ne4kov 1-38,text,true,,160,150,43,43,http://162.55.220.72:5005/get_method?name=Igor&age=31,193,0,83
1646772747874,191,object_info_1,200,OK,Ne4kov 1-9,text,true,,210,163,43,43,http://162.55.220.72:5005/object_info_1?name=Igor&age=31&weight=66,191,0,100
1646772747875,215,object_info_1,200,OK,Ne4kov 1-21,text,true,,210,163,44,44,http://162.55.220.72:5005/object_info_1?name=Igor&age=31&weight=66,215,0,101
1646772747873,218,user_info_2,200,OK,Ne4kov 1-31,text,true,,380,246,44,44,http://162.55.220.72:5005/user_info_2,218,0,103
1646772747876,218,user_info_3,200,OK,Ne4kov 1-26,text,true,,260,246,44,44,http://162.55.220.72:5005/user_info_3,218,0,102
1646772746903,1194,user_info_2,200,OK,Ne4kov 1-2,text,true,,380,246,44,44,http://162.55.220.72:5005/user_info_2,1194,0,1100
1646772747887,214,object_info_3,200,OK,Ne4kov 1-10,text,true,,330,164,44,44,http://162.55.220.72:5005/object_info_3?name=Igor&age=31&salary=500,214,0,118
1646772747892,211,object_info_4,200,OK,Ne4kov 1-5,text,true,,201,165,44,44,http://162.55.220.72:5005/object_info_4?name=Igor&age=31&salary=1000,211,0,115
1646772747890,245,object_info_1,200,OK,Ne4kov 1-22,text,true,,210,163,43,43,http://162.55.220.72:5005/object_info_1?name=Igor&age=31&weight=66,245,0,117
1646772747894,242,object_info_4,200,OK,Ne4kov 1-4,text,true,,201,165,43,43,http://162.55.220.72:5005/object_info_4?name=Igor&age=31&salary=1000,242,0,114
1646772747893,244,user_info_3,200,OK,Ne4kov 1-27,text,true,,260,246,42,42,http://162.55.220.72:5005/user_info_3,244,0,115
1646772747916,221,object_info_2,200,OK,Ne4kov 1-17,text,true,,380,164,42,42,http://162.55.220.72:5005/object_info_2?name=Igor&age=31&salary=500,221,0,95
1646772747914,223,user_info_2,200,OK,Ne4kov 1-33,text,true,,380,246,42,42,http://162.55.220.72:5005/user_info_2,223,0,97
1646772747913,225,object_info_3,200,OK,Ne4kov 1-11,text,true,,330,164,42,42,http://162.55.220.72:5005/object_info_3?name=Igor&age=31&salary=500,225,0,98
1646772747920,219,object_info_1,200,OK,Ne4kov 1-23,text,true,,210,163,42,42,http://162.55.220.72:5005/object_info_1?name=Igor&age=31&weight=66,218,0,95
1646772747942,203,get_method,200,OK,Ne4kov 1-40,text,true,,160,150,43,43,http://162.55.220.72:5005/get_method?name=Igor&age=31,203,0,83
1646772747944,205,user_info_2,200,OK,Ne4kov 1-34,text,true,,380,246,43,43,http://162.55.220.72:5005/user_info_2,205,0,113
1646772747946,224,object_info_4,200,OK,Ne4kov 1-6,text,true,,201,165,43,43,http://162.55.220.72:5005/object_info_4?name=Igor&age=31&salary=1000,224,0,113
1646772747949,222,object_info_4,200,OK,Ne4kov 1-7,text,true,,201,165,42,42,http://162.55.220.72:5005/object_info_4?name=Igor&age=31&salary=1000,221,0,110
1646772747952,219,user_info_3,200,OK,Ne4kov 1-28,text,true,,260,246,41,41,http://162.55.220.72:5005/user_info_3,219,0,107
1646772747953,220,object_info_1,200,OK,Ne4kov 1-24,text,true,,210,163,41,41,http://162.55.220.72:5005/object_info_1?name=Igor&age=31&weight=66,220,0,107
1646772747977,217,user_info_2,200,OK,Ne4kov 1-35,text,true,,380,246,41,41,http://162.55.220.72:5005/user_info_2,217,0,89
1646772747978,217,object_info_2,200,OK,Ne4kov 1-18,text,true,,380,164,41,41,http://162.55.220.72:5005/object_info_2?name=Igor&age=31&salary=500,217,0,90
1646772748001,196,get_method,200,OK,Ne4kov 1-41,text,true,,160,150,41,41,http://162.55.220.72:5005/get_method?name=Igor&age=31,196,0,93
1646772747978,219,object_info_3,200,OK,Ne4kov 1-14,text,true,,330,164,41,41,http://162.55.220.72:5005/object_info_3?name=Igor&age=31&salary=500,219,0,116
1646772748002,269,get_method,200,OK,Ne4kov 1-42,text,true,,160,150,45,45,http://162.55.220.72:5005/get_method?name=Igor&age=31,269,0,94
1646772748006,266,object_info_2,200,OK,Ne4kov 1-19,text,true,,380,164,45,45,http://162.55.220.72:5005/object_info_2?name=Igor&age=31&salary=500,266,0,95
1646772748009,264,user_info_2,200,OK,Ne4kov 1-36,text,true,,380,246,45,45,http://162.55.220.72:5005/user_info_2,264,0,127
1646772748012,263,user_info_3,200,OK,Ne4kov 1-30,text,true,,260,246,45,45,http://162.55.220.72:5005/user_info_3,262,0,126
1646772748016,260,object_info_2,200,OK,Ne4kov 1-20,text,true,,380,164,45,45,http://162.55.220.72:5005/object_info_2?name=Igor&age=31&salary=500,260,0,123
1646772748040,237,get_method,200,OK,Ne4kov 1-44,text,true,,160,150,45,45,http://162.55.220.72:5005/get_method?name=Igor&age=31,237,0,99
1646772748056,223,user_info_2,200,OK,Ne4kov 1-37,text,true,,380,246,45,45,http://162.55.220.72:5005/user_info_2,223,0,91
1646772748056,224,object_info_1,200,OK,Ne4kov 1-25,text,true,,210,163,45,45,http://162.55.220.72:5005/object_info_1?name=Igor&age=31&weight=66,224,0,93
1646772748060,244,object_info_3,200,OK,Ne4kov 1-15,text,true,,330,164,46,46,http://162.55.220.72:5005/object_info_3?name=Igor&age=31&salary=500,244,0,112
1646772748063,243,object_info_3,200,OK,Ne4kov 1-16,text,true,,330,164,46,46,http://162.55.220.72:5005/object_info_3?name=Igor&age=31&salary=500,242,0,111
1646772748064,242,user_info_2,200,OK,Ne4kov 1-38,text,true,,380,246,46,46,http://162.55.220.72:5005/user_info_2,242,0,110
1646772748065,243,object_info_2,200,OK,Ne4kov 1-9,text,true,,380,164,46,46,http://162.55.220.72:5005/object_info_2?name=Igor&age=31&salary=500,242,0,109
1646772748088,221,get_method,200,OK,Ne4kov 1-45,text,true,,160,150,46,46,http://162.55.220.72:5005/get_method?name=Igor&age=31,221,0,107
1646772748091,219,object_info_2,200,OK,Ne4kov 1-21,text,true,,380,164,46,46,http://162.55.220.72:5005/object_info_2?name=Igor&age=31&salary=500,219,0,105
1646772748092,219,user_info_3,200,OK,Ne4kov 1-31,text,true,,260,246,46,46,http://162.55.220.72:5005/user_info_3,219,0,104
1646772748095,241,object_info_1,200,OK,Ne4kov 1-26,text,true,,210,163,47,47,http://162.55.220.72:5005/object_info_1?name=Igor&age=31&weight=66,241,0,102
1646772748099,261,user_info_3,200,OK,Ne4kov 1-2,text,true,,260,246,48,48,http://162.55.220.72:5005/user_info_3,261,0,172
1646772748137,227,object_info_1,200,OK,Ne4kov 1-27,text,true,,210,163,48,48,http://162.55.220.72:5005/object_info_1?name=Igor&age=31&weight=66,227,0,135
1646772748135,233,object_info_2,200,OK,Ne4kov 1-22,text,true,,380,164,48,48,http://162.55.220.72:5005/object_info_2?name=Igor&age=31&salary=500,233,0,137
1646772748102,284,object_info_4,200,OK,Ne4kov 1-10,text,true,,201,165,49,49,http://162.55.220.72:5005/object_info_4?name=Igor&age=31&salary=1000,283,0,170
1646772748137,250,user_info_3,200,OK,Ne4kov 1-33,text,true,,260,246,48,48,http://162.55.220.72:5005/user_info_3,250,0,136
1646772748137,251,object_info_3,200,OK,Ne4kov 1-17,text,true,,330,164,48,48,http://162.55.220.72:5005/object_info_3?name=Igor&age=31&salary=500,251,0,135
1646772748139,250,object_info_4,200,OK,Ne4kov 1-11,text,true,,201,165,48,48,http://162.55.220.72:5005/object_info_4?name=Igor&age=31&salary=1000,250,0,134
1646772748140,268,get_method,200,OK,Ne4kov 1-46,text,true,,160,150,47,47,http://162.55.220.72:5005/get_method?name=Igor&age=31,268,0,138
1646772748149,262,user_info_3,200,OK,Ne4kov 1-34,text,true,,260,246,47,47,http://162.55.220.72:5005/user_info_3,262,0,131
1646772748172,240,object_info_1,200,OK,Ne4kov 1-28,text,true,,210,163,47,47,http://162.55.220.72:5005/object_info_1?name=Igor&age=31&weight=66,240,0,109
1646772748173,263,object_info_2,200,OK,Ne4kov 1-24,text,true,,380,164,48,48,http://162.55.220.72:5005/object_info_2?name=Igor&age=31&salary=500,263,0,130
1646772747729,709,object_info_1,200,OK,Ne4kov 1-3,text,true,,210,163,48,48,http://162.55.220.72:5005/object_info_1?name=Igor&age=31&weight=66,708,0,113
1646772748006,433,object_info_4,200,OK,Ne4kov 1-8,text,true,,201,165,48,48,http://162.55.220.72:5005/object_info_4?name=Igor&age=31&salary=1000,433,0,96
1646772748018,442,get_method,200,OK,Ne4kov 1-43,text,true,,160,150,47,47,http://162.55.220.72:5005/get_method?name=Igor&age=31,442,0,120
1646772748197,266,object_info_4,200,OK,Ne4kov 1-14,text,true,,201,165,47,47,http://162.55.220.72:5005/object_info_4?name=Igor&age=31&salary=1000,265,0,115
1646772748194,270,user_info_3,200,OK,Ne4kov 1-35,text,true,,260,246,46,46,http://162.55.220.72:5005/user_info_3,270,0,114
1646772748196,269,object_info_3,200,OK,Ne4kov 1-18,text,true,,330,164,46,46,http://162.55.220.72:5005/object_info_3?name=Igor&age=31&salary=500,269,0,114
1646772748197,270,user_info_2,200,OK,Ne4kov 1-41,text,true,,380,246,46,46,http://162.55.220.72:5005/user_info_2,270,0,136
1646772748218,251,get_method,200,OK,Ne4kov 1-47,text,true,,160,150,46,46,http://162.55.220.72:5005/get_method?name=Igor&age=31,251,0,117
1646772748237,234,get_method,200,OK,Ne4kov 1-48,text,true,,160,150,46,46,http://162.55.220.72:5005/get_method?name=Igor&age=31,233,0,101
1646772748252,221,get_method,200,OK,Ne4kov 1-49,text,true,,160,150,46,46,http://162.55.220.72:5005/get_method?name=Igor&age=31,221,0,86
1646772748255,217,get_method,200,OK,Ne4kov 1-50,text,true,,160,150,46,46,http://162.55.220.72:5005/get_method?name=Igor&age=31,217,0,83
1646772748271,203,user_info_2,200,OK,Ne4kov 1-42,text,true,,380,246,46,46,http://162.55.220.72:5005/user_info_2,203,0,88
1646772748272,237,object_info_3,200,OK,Ne4kov 1-19,text,true,,330,164,48,48,http://162.55.220.72:5005/object_info_3?name=Igor&age=31&salary=500,236,0,98
1646772748273,237,user_info_3,200,OK,Ne4kov 1-36,text,true,,260,246,48,48,http://162.55.220.72:5005/user_info_3,237,0,115
1646772748275,236,object_info_1,200,OK,Ne4kov 1-30,text,true,,210,163,48,48,http://162.55.220.72:5005/object_info_1?name=Igor&age=31&weight=66,236,0,132
1646772748276,236,object_info_3,200,OK,Ne4kov 1-20,text,true,,330,164,48,48,http://162.55.220.72:5005/object_info_3?name=Igor&age=31&salary=500,236,0,131
1646772748277,235,user_info_2,200,OK,Ne4kov 1-44,text,true,,380,246,48,48,http://162.55.220.72:5005/user_info_2,235,0,131
1646772748280,233,object_info_2,200,OK,Ne4kov 1-25,text,true,,380,164,48,48,http://162.55.220.72:5005/object_info_2?name=Igor&age=31&salary=500,233,0,130
1646772748279,234,user_info_3,200,OK,Ne4kov 1-37,text,true,,260,246,48,48,http://162.55.220.72:5005/user_info_3,234,0,131
1646772748301,214,get_method,200,OK,Ne4kov 1-51,text,true,,160,150,48,48,http://162.55.220.72:5005/get_method?name=Igor&age=31,214,0,109
1646772748305,236,object_info_4,200,OK,Ne4kov 1-15,text,true,,201,165,50,50,http://162.55.220.72:5005/object_info_4?name=Igor&age=31&salary=1000,236,0,130
1646772748307,235,user_info_3,200,OK,Ne4kov 1-38,text,true,,260,246,49,49,http://162.55.220.72:5005/user_info_3,235,0,130
1646772748306,237,object_info_4,200,OK,Ne4kov 1-16,text,true,,201,165,49,49,http://162.55.220.72:5005/object_info_4?name=Igor&age=31&salary=1000,237,0,129
1646772748309,236,user_info_2,200,OK,Ne4kov 1-45,text,true,,380,246,48,48,http://162.55.220.72:5005/user_info_2,236,0,130
1646772748308,239,object_info_3,200,OK,Ne4kov 1-9,text,true,,330,164,48,48,http://162.55.220.72:5005/object_info_3?name=Igor&age=31&salary=500,239,0,129
1646772748311,237,object_info_1,200,OK,Ne4kov 1-31,text,true,,210,163,48,48,http://162.55.220.72:5005/object_info_1?name=Igor&age=31&weight=66,237,0,129
1646772747841,719,user_info_3,200,OK,Ne4kov 1-13,text,true,,260,246,49,49,http://162.55.220.72:5005/user_info_3,718,0,81
1646772748331,241,get_method,200,OK,Ne4kov 1-52,text,true,,160,150,49,49,http://162.55.220.72:5005/get_method?name=Igor&age=31,241,0,135
1646772748338,248,object_info_2,200,OK,Ne4kov 1-26,text,true,,380,164,49,49,http://162.55.220.72:5005/object_info_2?name=Igor&age=31&salary=500,248,0,132
1646772748357,230,get_method,200,OK,Ne4kov 1-53,text,true,,160,150,49,49,http://162.55.220.72:5005/get_method?name=Igor&age=31,230,0,114
1646772747897,690,get_method,200,OK,Ne4kov 1-39,text,true,,160,150,49,49,http://162.55.220.72:5005/get_method?name=Igor&age=31,690,0,110
1646772748360,233,object_info_1,200,OK,Ne4kov 1-2,text,true,,210,163,50,50,http://162.55.220.72:5005/object_info_1?name=Igor&age=31&weight=66,233,0,114
1646772748373,234,get_method,200,OK,Ne4kov 1-54,text,true,,160,150,50,50,http://162.55.220.72:5005/get_method?name=Igor&age=31,234,0,101
1646772748369,238,object_info_3,200,OK,Ne4kov 1-22,text,true,,330,164,50,50,http://162.55.220.72:5005/object_info_3?name=Igor&age=31&salary=500,238,0,105
1646772748387,222,object_info_1,200,OK,Ne4kov 1-33,text,true,,210,163,50,50,http://162.55.220.72:5005/object_info_1?name=Igor&age=31&weight=66,222,0,120
1646772748388,227,object_info_4,200,OK,Ne4kov 1-17,text,true,,201,165,50,50,http://162.55.220.72:5005/object_info_4?name=Igor&age=31&salary=1000,227,0,122
1646772748409,231,user_info_2,200,OK,Ne4kov 1-46,text,true,,380,246,49,49,http://162.55.220.72:5005/user_info_2,231,0,104
1646772748412,230,object_info_2,200,OK,Ne4kov 1-28,text,true,,380,164,49,49,http://162.55.220.72:5005/object_info_2?name=Igor&age=31&salary=500,230,0,102
1646772748431,212,get_method,200,OK,Ne4kov 1-55,text,true,,160,150,49,49,http://162.55.220.72:5005/get_method?name=Igor&age=31,212,0,83
1646772748412,234,object_info_1,200,OK,Ne4kov 1-34,text,true,,210,163,49,49,http://162.55.220.72:5005/object_info_1?name=Igor&age=31&weight=66,234,0,103
1646772748436,212,object_info_3,200,OK,Ne4kov 1-24,text,true,,330,164,49,49,http://162.55.220.72:5005/object_info_3?name=Igor&age=31&salary=500,212,0,104
1646772748438,214,object_info_2,200,OK,Ne4kov 1-3,text,true,,380,164,49,49,http://162.55.220.72:5005/object_info_2?name=Igor&age=31&salary=500,214,0,104
1646772748461,239,user_info_2,200,OK,Ne4kov 1-43,text,true,,380,246,50,50,http://162.55.220.72:5005/user_info_2,239,0,99
1646772748464,237,object_info_1,200,OK,Ne4kov 1-35,text,true,,210,163,50,50,http://162.55.220.72:5005/object_info_1?name=Igor&age=31&weight=66,237,0,97
1646772748465,236,object_info_4,200,OK,Ne4kov 1-18,text,true,,201,165,50,50,http://162.55.220.72:5005/object_info_4?name=Igor&age=31&salary=1000,236,0,106
1646772748468,234,user_info_3,200,OK,Ne4kov 1-41,text,true,,260,246,49,49,http://162.55.220.72:5005/user_info_3,234,0,106
1646772748469,234,user_info_2,200,OK,Ne4kov 1-47,text,true,,380,246,49,49,http://162.55.220.72:5005/user_info_2,234,0,105
1646772748471,232,user_info_2,200,OK,Ne4kov 1-48,text,true,,380,246,49,49,http://162.55.220.72:5005/user_info_2,232,0,115
1646772748473,231,user_info_2,200,OK,Ne4kov 1-50,text,true,,380,246,49,49,http://162.55.220.72:5005/user_info_2,231,0,114
1646772748486,230,get_method,200,OK,Ne4kov 1-57,text,true,,160,150,51,51,http://162.55.220.72:5005/get_method?name=Igor&age=31,230,0,121
1646772748473,245,user_info_2,200,OK,Ne4kov 1-49,text,true,,380,246,51,51,http://162.55.220.72:5005/user_info_2,245,0,115
1646772748475,255,user_info_3,200,OK,Ne4kov 1-42,text,true,,260,246,51,51,http://162.55.220.72:5005/user_info_3,254,0,132
1646772748509,223,object_info_4,200,OK,Ne4kov 1-19,text,true,,201,165,51,51,http://162.55.220.72:5005/object_info_4?name=Igor&age=31&salary=1000,223,0,101
1646772748477,259,get_method,200,OK,Ne4kov 1-56,text,true,,160,150,50,50,http://162.55.220.72:5005/get_method?name=Igor&age=31,258,0,132
1646772748511,227,object_info_2,200,OK,Ne4kov 1-30,text,true,,380,164,50,50,http://162.55.220.72:5005/object_info_2?name=Igor&age=31&salary=500,227,0,107
1646772748513,229,object_info_3,200,OK,Ne4kov 1-25,text,true,,330,164,51,51,http://162.55.220.72:5005/object_info_3?name=Igor&age=31&salary=500,229,0,125
1646772747979,767,user_info_3,200,OK,Ne4kov 1-29,text,true,,260,246,51,51,http://162.55.220.72:5005/user_info_3,766,0,115
1646772748512,235,object_info_4,200,OK,Ne4kov 1-20,text,true,,201,165,51,51,http://162.55.220.72:5005/object_info_4?name=Igor&age=31&salary=1000,235,0,126
1646772748512,238,user_info_3,200,OK,Ne4kov 1-44,text,true,,260,246,50,50,http://162.55.220.72:5005/user_info_3,237,0,127
1646772748511,266,object_info_1,200,OK,Ne4kov 1-36,text,true,,210,163,50,50,http://162.55.220.72:5005/object_info_1?name=Igor&age=31&weight=66,266,0,128
1646772748514,264,object_info_1,200,OK,Ne4kov 1-37,text,true,,210,163,50,50,http://162.55.220.72:5005/object_info_1?name=Igor&age=31&weight=66,264,0,125
1646772748515,264,user_info_2,200,OK,Ne4kov 1-51,text,true,,380,246,50,50,http://162.55.220.72:5005/user_info_2,264,0,131
1646772748543,237,object_info_1,200,OK,Ne4kov 1-38,text,true,,210,163,50,50,http://162.55.220.72:5005/object_info_1?name=Igor&age=31&weight=66,237,0,110
1646772748539,241,get_method,200,OK,Ne4kov 1-59,text,true,,160,150,50,50,http://162.55.220.72:5005/get_method?name=Igor&age=31,241,0,108
1646772748545,245,user_info_3,200,OK,Ne4kov 1-45,text,true,,260,246,52,52,http://162.55.220.72:5005/user_info_3,245,0,109
1646772748548,249,object_info_4,200,OK,Ne4kov 1-9,text,true,,201,165,52,52,http://162.55.220.72:5005/object_info_4?name=Igor&age=31&salary=1000,249,0,150
1646772748558,245,get_method,200,OK,Ne4kov 1-60,text,true,,160,150,51,51,http://162.55.220.72:5005/get_method?name=Igor&age=31,245,0,141
1646772748560,248,object_info_1,200,OK,Ne4kov 1-13,text,true,,210,163,51,51,http://162.55.220.72:5005/object_info_1?name=Igor&age=31&weight=66,247,0,139
1646772748015,795,object_info_1,200,OK,Ne4kov 1-12,text,true,,210,163,51,51,http://162.55.220.72:5005/object_info_1?name=Igor&age=31&weight=66,795,0,123
1646772748573,239,user_info_2,200,OK,Ne4kov 1-52,text,true,,380,246,51,51,http://162.55.220.72:5005/user_info_2,239,0,128
1646772748586,236,object_info_3,200,OK,Ne4kov 1-26,text,true,,330,164,52,52,http://162.55.220.72:5005/object_info_3?name=Igor&age=31&salary=500,235,0,118
1646772748587,236,user_info_2,200,OK,Ne4kov 1-39,text,true,,380,246,52,52,http://162.55.220.72:5005/user_info_2,236,0,117
1646772748591,242,get_method,200,OK,Ne4kov 1-61,text,true,,160,150,52,52,http://162.55.220.72:5005/get_method?name=Igor&age=31,242,0,116
1646772748593,241,object_info_2,200,OK,Ne4kov 1-2,text,true,,380,164,52,52,http://162.55.220.72:5005/object_info_2?name=Igor&age=31&salary=500,241,0,114
1646772748587,250,user_info_2,200,OK,Ne4kov 1-53,text,true,,380,246,52,52,http://162.55.220.72:5005/user_info_2,250,0,119
1646772748609,255,object_info_2,200,OK,Ne4kov 1-33,text,true,,380,164,53,53,http://162.55.220.72:5005/object_info_2?name=Igor&age=31&salary=500,255,0,122
1646772748608,260,user_info_2,200,OK,Ne4kov 1-54,text,true,,380,246,53,53,http://162.55.220.72:5005/user_info_2,260,0,123
1646772748608,261,object_info_4,200,OK,Ne4kov 1-22,text,true,,201,165,53,53,http://162.55.220.72:5005/object_info_4?name=Igor&age=31&salary=1000,261,0,123
1646772748641,245,user_info_3,200,OK,Ne4kov 1-46,text,true,,260,246,53,53,http://162.55.220.72:5005/user_info_3,245,0,137
1646772748649,243,object_info_4,200,OK,Ne4kov 1-24,text,true,,201,165,53,53,http://162.55.220.72:5005/object_info_4?name=Igor&age=31&salary=1000,243,0,130
1646772748644,251,user_info_2,200,OK,Ne4kov 1-55,text,true,,380,246,52,52,http://162.55.220.72:5005/user_info_2,251,0,134
1646772748647,252,object_info_2,200,OK,Ne4kov 1-34,text,true,,380,164,52,52,http://162.55.220.72:5005/object_info_2?name=Igor&age=31&salary=500,252,0,132
1646772748653,249,object_info_3,200,OK,Ne4kov 1-3,text,true,,330,164,52,52,http://162.55.220.72:5005/object_info_3?name=Igor&age=31&salary=500,249,0,127
1646772748701,213,object_info_2,200,OK,Ne4kov 1-35,text,true,,380,164,53,53,http://162.55.220.72:5005/object_info_2?name=Igor&age=31&salary=500,213,0,99
1646772748700,222,user_info_3,200,OK,Ne4kov 1-43,text,true,,260,246,53,53,http://162.55.220.72:5005/user_info_3,222,0,103
1646772748702,223,object_info_1,200,OK,Ne4kov 1-41,text,true,,210,163,53,53,http://162.55.220.72:5005/object_info_1?name=Igor&age=31&weight=66,223,0,106
1646772748703,236,user_info_3,200,OK,Ne4kov 1-48,text,true,,260,246,54,54,http://162.55.220.72:5005/user_info_3,236,0,110
1646772748703,239,user_info_3,200,OK,Ne4kov 1-47,text,true,,260,246,54,54,http://162.55.220.72:5005/user_info_3,239,0,113
1646772748705,245,get_method,200,OK,Ne4kov 1-63,text,true,,160,150,54,54,http://162.55.220.72:5005/get_method?name=Igor&age=31,245,0,119
1646772748709,247,get_method,200,OK,Ne4kov 1-64,text,true,,160,150,54,54,http://162.55.220.72:5005/get_method?name=Igor&age=31,247,0,121
1646772748704,256,user_info_3,200,OK,Ne4kov 1-50,text,true,,260,246,54,54,http://162.55.220.72:5005/user_info_3,255,0,121
1646772748717,265,user_info_2,200,OK,Ne4kov 1-57,text,true,,380,246,55,55,http://162.55.220.72:5005/user_info_2,265,0,121
1646772748139,844,object_info_2,200,OK,Ne4kov 1-23,text,true,,380,164,55,55,http://162.55.220.72:5005/object_info_2?name=Igor&age=31&salary=500,844,0,137
1646772748719,264,user_info_3,200,OK,Ne4kov 1-49,text,true,,260,246,55,55,http://162.55.220.72:5005/user_info_3,264,0,119
1646772748145,841,user_info_2,200,OK,Ne4kov 1-40,text,true,,380,246,55,55,http://162.55.220.72:5005/user_info_2,841,0,133
1646772748730,257,object_info_1,200,OK,Ne4kov 1-42,text,true,,210,163,55,55,http://162.55.220.72:5005/object_info_1?name=Igor&age=31&weight=66,257,0,133
1646772748736,252,user_info_2,200,OK,Ne4kov 1-56,text,true,,380,246,55,55,http://162.55.220.72:5005/user_info_2,252,0,127
1646772748740,249,get_method,200,OK,Ne4kov 1-65,text,true,,160,150,55,55,http://162.55.220.72:5005/get_method?name=Igor&age=31,249,0,124
1646772748738,256,object_info_3,200,OK,Ne4kov 1-30,text,true,,330,164,55,55,http://162.55.220.72:5005/object_info_3?name=Igor&age=31&salary=500,256,0,128
1646772748742,253,object_info_4,200,OK,Ne4kov 1-25,text,true,,201,165,56,56,http://162.55.220.72:5005/object_info_4?name=Igor&age=31&salary=1000,253,0,127
1646772748750,288,object_info_1,200,OK,Ne4kov 1-44,text,true,,210,163,55,55,http://162.55.220.72:5005/object_info_1?name=Igor&age=31&weight=66,288,0,136
1646772748778,261,object_info_2,200,OK,Ne4kov 1-36,text,true,,380,164,55,55,http://162.55.220.72:5005/object_info_2?name=Igor&age=31&salary=500,261,0,108
1646772748778,262,object_info_2,200,OK,Ne4kov 1-37,text,true,,380,164,55,55,http://162.55.220.72:5005/object_info_2?name=Igor&age=31&salary=500,262,0,115
1646772748781,260,object_info_2,200,OK,Ne4kov 1-38,text,true,,380,164,55,55,http://162.55.220.72:5005/object_info_2?name=Igor&age=31&salary=500,260,0,114
1646772748779,262,user_info_3,200,OK,Ne4kov 1-51,text,true,,260,246,55,55,http://162.55.220.72:5005/user_info_3,262,0,116
1646772748789,253,get_method,200,OK,Ne4kov 1-67,text,true,,160,150,55,55,http://162.55.220.72:5005/get_method?name=Igor&age=31,253,0,113
1646772748310,734,object_info_3,200,OK,Ne4kov 1-21,text,true,,330,164,55,55,http://162.55.220.72:5005/object_info_3?name=Igor&age=31&salary=500,733,0,129
1646772748787,260,get_method,200,OK,Ne4kov 1-66,text,true,,160,150,55,55,http://162.55.220.72:5005/get_method?name=Igor&age=31,259,0,120
1646772748781,280,user_info_2,200,OK,Ne4kov 1-59,text,true,,380,246,56,56,http://162.55.220.72:5005/user_info_2,280,0,122
1646772748791,270,object_info_1,200,OK,Ne4kov 1-45,text,true,,210,163,56,56,http://162.55.220.72:5005/object_info_1?name=Igor&age=31&weight=66,270,0,121
1646772748808,254,object_info_2,200,OK,Ne4kov 1-13,text,true,,380,164,56,56,http://162.55.220.72:5005/object_info_2?name=Igor&age=31&salary=500,254,0,115
1646772748804,258,user_info_2,200,OK,Ne4kov 1-60,text,true,,380,246,56,56,http://162.55.220.72:5005/user_info_2,258,0,116
1646772748814,275,get_method,200,OK,Ne4kov 1-68,text,true,,160,150,57,57,http://162.55.220.72:5005/get_method?name=Igor&age=31,275,0,122
1646772748811,279,object_info_2,200,OK,Ne4kov 1-12,text,true,,380,164,57,57,http://162.55.220.72:5005/object_info_2?name=Igor&age=31&salary=500,279,0,118
1646772748812,279,user_info_3,200,OK,Ne4kov 1-52,text,true,,260,246,57,57,http://162.55.220.72:5005/user_info_3,279,0,123
1646772748822,270,object_info_4,200,OK,Ne4kov 1-26,text,true,,201,165,57,57,http://162.55.220.72:5005/object_info_4?name=Igor&age=31&salary=1000,270,0,120
1646772748824,269,user_info_3,200,OK,Ne4kov 1-39,text,true,,260,246,56,56,http://162.55.220.72:5005/user_info_3,269,0,125
1646772748834,281,object_info_3,200,OK,Ne4kov 1-2,text,true,,330,164,56,56,http://162.55.220.72:5005/object_info_3?name=Igor&age=31&salary=500,281,0,123
1646772747878,1427,user_info_2,200,OK,Ne4kov 1-32,text,true,,380,246,63,63,http://162.55.220.72:5005/user_info_2,1427,0,1104
1646772748837,469,user_info_3,200,OK,Ne4kov 1-53,text,true,,260,246,63,63,http://162.55.220.72:5005/user_info_3,469,0,145
1646772748865,442,object_info_3,200,OK,Ne4kov 1-33,text,true,,330,164,63,63,http://162.55.220.72:5005/object_info_3?name=Igor&age=31&salary=500,442,0,123
1646772748861,446,get_method,200,OK,Ne4kov 1-69,text,true,,160,150,63,63,http://162.55.220.72:5005/get_method?name=Igor&age=31,446,0,125
1646772748877,431,get_method,200,OK,Ne4kov 1-70,text,true,,160,150,63,63,http://162.55.220.72:5005/get_method?name=Igor&age=31,431,0,159
1646772748868,440,user_info_3,200,OK,Ne4kov 1-54,text,true,,260,246,63,63,http://162.55.220.72:5005/user_info_3,440,0,126
1646772748886,423,object_info_1,200,OK,Ne4kov 1-46,text,true,,210,163,63,63,http://162.55.220.72:5005/object_info_1?name=Igor&age=31&weight=66,423,0,151
1646772748895,433,user_info_3,200,OK,Ne4kov 1-55,text,true,,260,246,64,64,http://162.55.220.72:5005/user_info_3,433,0,146
1646772748902,429,object_info_3,200,OK,Ne4kov 1-34,text,true,,330,164,64,64,http://162.55.220.72:5005/object_info_3?name=Igor&age=31&salary=500,428,0,140
1646772748905,427,get_method,200,OK,Ne4kov 1-71,text,true,,160,150,64,64,http://162.55.220.72:5005/get_method?name=Igor&age=31,427,0,138
1646772748903,432,object_info_4,200,OK,Ne4kov 1-3,text,true,,201,165,64,64,http://162.55.220.72:5005/object_info_4?name=Igor&age=31&salary=1000,432,0,140
1646772748914,422,object_info_3,200,OK,Ne4kov 1-35,text,true,,330,164,63,63,http://162.55.220.72:5005/object_info_3?name=Igor&age=31&salary=500,422,0,134
1646772748923,487,object_info_1,200,OK,Ne4kov 1-43,text,true,,210,163,66,66,http://162.55.220.72:5005/object_info_1?name=Igor&age=31&weight=66,487,0,140
1646772748925,486,object_info_2,200,OK,Ne4kov 1-41,text,true,,380,164,66,66,http://162.55.220.72:5005/object_info_2?name=Igor&age=31&salary=500,485,0,138
1646772748934,477,get_method,200,OK,Ne4kov 1-72,text,true,,160,150,66,66,http://162.55.220.72:5005/get_method?name=Igor&age=31,477,0,155
1646772748940,472,object_info_1,200,OK,Ne4kov 1-48,text,true,,210,163,66,66,http://162.55.220.72:5005/object_info_1?name=Igor&age=31&weight=66,472,0,152
1646772748942,470,object_info_1,200,OK,Ne4kov 1-47,text,true,,210,163,66,66,http://162.55.220.72:5005/object_info_1?name=Igor&age=31&weight=66,470,0,151
1646772748951,470,user_info_2,200,OK,Ne4kov 1-63,text,true,,380,246,66,66,http://162.55.220.72:5005/user_info_2,470,0,142
1646772748365,1056,object_info_2,200,OK,Ne4kov 1-27,text,true,,380,164,66,66,http://162.55.220.72:5005/object_info_2?name=Igor&age=31&salary=500,1056,0,108
1646772748956,466,user_info_2,200,OK,Ne4kov 1-64,text,true,,380,246,66,66,http://162.55.220.72:5005/user_info_2,466,0,138
1646772748981,441,get_method,200,OK,Ne4kov 1-73,text,true,,160,150,66,66,http://162.55.220.72:5005/get_method?name=Igor&age=31,441,0,135
1646772748960,463,object_info_1,200,OK,Ne4kov 1-50,text,true,,210,163,66,66,http://162.55.220.72:5005/object_info_1?name=Igor&age=31&weight=66,463,0,156
1646772748985,438,object_info_1,200,OK,Ne4kov 1-49,text,true,,210,163,66,66,http://162.55.220.72:5005/object_info_1?name=Igor&age=31&weight=66,438,0,134
1646772748986,440,object_info_3,200,OK,Ne4kov 1-23,text,true,,330,164,66,66,http://162.55.220.72:5005/object_info_3?name=Igor&age=31&salary=500,440,0,319
1646772748535,891,get_method,200,OK,Ne4kov 1-58,text,true,,160,150,66,66,http://162.55.220.72:5005/get_method?name=Igor&age=31,891,0,110
1646772748988,439,user_info_3,200,OK,Ne4kov 1-56,text,true,,260,246,66,66,http://162.55.220.72:5005/user_info_3,439,0,319
1646772748987,440,user_info_3,200,OK,Ne4kov 1-40,text,true,,260,246,66,66,http://162.55.220.72:5005/user_info_3,440,0,320
1646772748987,441,object_info_2,200,OK,Ne4kov 1-42,text,true,,380,164,66,66,http://162.55.220.72:5005/object_info_2?name=Igor&age=31&salary=500,441,0,320
1646772748994,458,object_info_4,200,OK,Ne4kov 1-30,text,true,,201,165,67,67,http://162.55.220.72:5005/object_info_4?name=Igor&age=31&salary=1000,458,0,314
1646772748989,465,user_info_2,200,OK,Ne4kov 1-65,text,true,,380,246,66,66,http://162.55.220.72:5005/user_info_2,464,0,318
1646772748997,458,get_method,200,OK,Ne4kov 1-74,text,true,,160,150,66,66,http://162.55.220.72:5005/get_method?name=Igor&age=31,458,0,311
1646772749040,505,object_info_3,200,OK,Ne4kov 1-36,text,true,,330,164,69,69,http://162.55.220.72:5005/object_info_3?name=Igor&age=31&salary=500,505,0,286
1646772749038,508,object_info_2,200,OK,Ne4kov 1-44,text,true,,380,164,69,69,http://162.55.220.72:5005/object_info_2?name=Igor&age=31&salary=500,507,0,271
1646772749040,506,object_info_3,200,OK,Ne4kov 1-37,text,true,,330,164,69,69,http://162.55.220.72:5005/object_info_3?name=Igor&age=31&salary=500,506,0,287
1646772749042,504,user_info_2,200,OK,Ne4kov 1-67,text,true,,380,246,69,69,http://162.55.220.72:5005/user_info_2,504,0,288
1646772748548,999,object_info_2,200,OK,Ne4kov 1-31,text,true,,380,164,69,69,http://162.55.220.72:5005/object_info_2?name=Igor&age=31&salary=500,999,0,150
1646772749041,506,object_info_3,200,OK,Ne4kov 1-38,text,true,,330,164,69,69,http://162.55.220.72:5005/object_info_3?name=Igor&age=31&salary=500,506,0,289
1646772749041,507,object_info_1,200,OK,Ne4kov 1-51,text,true,,210,163,69,69,http://162.55.220.72:5005/object_info_1?name=Igor&age=31&weight=66,507,0,289
1646772749045,503,object_info_4,200,OK,Ne4kov 1-21,text,true,,201,165,69,69,http://162.55.220.72:5005/object_info_4?name=Igor&age=31&salary=1000,503,0,290
1646772749047,601,user_info_2,200,OK,Ne4kov 1-66,text,true,,380,246,72,72,http://162.55.220.72:5005/user_info_2,601,0,290
1646772749060,589,get_method,200,OK,Ne4kov 1-75,text,true,,160,150,72,72,http://162.55.220.72:5005/get_method?name=Igor&age=31,589,0,278
1646772749061,589,user_info_3,200,OK,Ne4kov 1-59,text,true,,260,246,72,72,http://162.55.220.72:5005/user_info_3,589,0,349
1646772749070,585,get_method,200,OK,Ne4kov 1-76,text,true,,160,150,72,72,http://162.55.220.72:5005/get_method?name=Igor&age=31,585,0,340
1646772749063,592,user_info_3,200,OK,Ne4kov 1-60,text,true,,260,246,72,72,http://162.55.220.72:5005/user_info_3,592,0,347
1646772749090,566,object_info_3,200,OK,Ne4kov 1-12,text,true,,330,164,72,72,http://162.55.220.72:5005/object_info_3?name=Igor&age=31&salary=500,565,0,321
1646772749089,567,user_info_2,200,OK,Ne4kov 1-68,text,true,,380,246,72,72,http://162.55.220.72:5005/user_info_2,567,0,322
1646772749091,566,object_info_1,200,OK,Ne4kov 1-52,text,true,,210,163,72,72,http://162.55.220.72:5005/object_info_1?name=Igor&age=31&weight=66,566,0,320
1646772749061,596,object_info_2,200,OK,Ne4kov 1-45,text,true,,380,164,72,72,http://162.55.220.72:5005/object_info_2?name=Igor&age=31&salary=500,596,0,349
1646772749161,498,get_method,200,OK,Ne4kov 1-77,text,true,,160,150,72,72,http://162.55.220.72:5005/get_method?name=Igor&age=31,498,0,262
1646772749115,545,object_info_4,200,OK,Ne4kov 1-2,text,true,,201,165,72,72,http://162.55.220.72:5005/object_info_4?name=Igor&age=31&salary=1000,545,0,307
1646772748696,964,get_method,200,OK,Ne4kov 1-62,text,true,,160,150,72,72,http://162.55.220.72:5005/get_method?name=Igor&age=31,964,0,95
1646772749093,568,object_info_1,200,OK,Ne4kov 1-39,text,true,,210,163,71,71,http://162.55.220.72:5005/object_info_1?name=Igor&age=31&weight=66,568,0,329
1646772749182,480,get_method,200,OK,Ne4kov 1-78,text,true,,160,150,71,71,http://162.55.220.72:5005/get_method?name=Igor&age=31,480,0,242
1646772749192,471,get_method,200,OK,Ne4kov 1-80,text,true,,160,150,71,71,http://162.55.220.72:5005/get_method?name=Igor&age=31,471,0,232
1646772749183,481,get_method,200,OK,Ne4kov 1-79,text,true,,160,150,71,71,http://162.55.220.72:5005/get_method?name=Igor&age=31,481,0,241
1646772749287,377,get_method,200,OK,Ne4kov 1-82,text,true,,160,150,71,71,http://162.55.220.72:5005/get_method?name=Igor&age=31,377,0,138
1646772749300,365,get_method,200,OK,Ne4kov 1-83,text,true,,160,150,71,71,http://162.55.220.72:5005/get_method?name=Igor&age=31,364,0,126
1646772749307,473,object_info_4,200,OK,Ne4kov 1-33,text,true,,201,165,75,75,http://162.55.220.72:5005/object_info_4?name=Igor&age=31&salary=1000,472,0,120
1646772749265,515,get_method,200,OK,Ne4kov 1-81,text,true,,160,150,74,74,http://162.55.220.72:5005/get_method?name=Igor&age=31,515,0,162
1646772749306,475,object_info_1,200,OK,Ne4kov 1-53,text,true,,210,163,74,74,http://162.55.220.72:5005/object_info_1?name=Igor&age=31&weight=66,475,0,121
1646772749306,476,user_info_3,200,OK,Ne4kov 1-32,text,true,,260,246,74,74,http://162.55.220.72:5005/user_info_3,475,0,121
1646772749307,475,user_info_2,200,OK,Ne4kov 1-69,text,true,,380,246,74,74,http://162.55.220.72:5005/user_info_2,475,0,142
1646772749308,475,user_info_2,200,OK,Ne4kov 1-70,text,true,,380,246,74,74,http://162.55.220.72:5005/user_info_2,475,0,146
1646772749309,492,object_info_2,200,OK,Ne4kov 1-46,text,true,,380,164,75,75,http://162.55.220.72:5005/object_info_2?name=Igor&age=31&salary=500,492,0,235
1646772749313,488,get_method,200,OK,Ne4kov 1-84,text,true,,160,150,75,75,http://162.55.220.72:5005/get_method?name=Igor&age=31,488,0,231
1646772749328,474,object_info_1,200,OK,Ne4kov 1-55,text,true,,210,163,75,75,http://162.55.220.72:5005/object_info_1?name=Igor&age=31&weight=66,474,0,217
1646772749331,472,object_info_4,200,OK,Ne4kov 1-34,text,true,,201,165,75,75,http://162.55.220.72:5005/object_info_4?name=Igor&age=31&salary=1000,472,0,216
1646772749332,472,user_info_2,200,OK,Ne4kov 1-71,text,true,,380,246,74,74,http://162.55.220.72:5005/user_info_2,471,0,215
1646772749376,432,get_method,200,OK,Ne4kov 1-85,text,true,,160,150,74,74,http://162.55.220.72:5005/get_method?name=Igor&age=31,432,0,172
1646772749336,473,object_info_4,200,OK,Ne4kov 1-35,text,true,,201,165,74,74,http://162.55.220.72:5005/object_info_4?name=Igor&age=31&salary=1000,472,0,212
1646772748833,976,user_info_2,200,OK,Ne4kov 1-61,text,true,,380,246,73,73,http://162.55.220.72:5005/user_info_2,976,0,128
1646772748746,1064,object_info_1,200,OK,Ne4kov 1-29,text,true,,210,163,73,73,http://162.55.220.72:5005/object_info_1?name=Igor&age=31&weight=66,1064,0,126
1646772749399,412,get_method,200,OK,Ne4kov 1-86,text,true,,160,150,73,73,http://162.55.220.72:5005/get_method?name=Igor&age=31,412,0,250
1646772749410,402,object_info_2,200,OK,Ne4kov 1-43,text,true,,380,164,73,73,http://162.55.220.72:5005/object_info_2?name=Igor&age=31&salary=500,402,0,240
1646772749404,408,get_method,200,OK,Ne4kov 1-87,text,true,,160,150,73,73,http://162.55.220.72:5005/get_method?name=Igor&age=31,408,0,246
1646772749411,402,object_info_3,200,OK,Ne4kov 1-41,text,true,,330,164,73,73,http://162.55.220.72:5005/object_info_3?name=Igor&age=31&salary=500,402,0,240
1646772749412,403,object_info_2,200,OK,Ne4kov 1-47,text,true,,380,164,73,73,http://162.55.220.72:5005/object_info_2?name=Igor&age=31&salary=500,403,0,242
1646772749412,404,object_info_2,200,OK,Ne4kov 1-48,text,true,,380,164,73,73,http://162.55.220.72:5005/object_info_2?name=Igor&age=31&salary=500,404,0,244
1646772749411,407,user_info_2,200,OK,Ne4kov 1-72,text,true,,380,246,73,73,http://162.55.220.72:5005/user_info_2,407,0,246
1646772749421,399,user_info_3,200,OK,Ne4kov 1-63,text,true,,260,246,73,73,http://162.55.220.72:5005/user_info_3,399,0,237
1646772749423,398,object_info_2,200,OK,Ne4kov 1-49,text,true,,380,164,73,73,http://162.55.220.72:5005/object_info_2?name=Igor&age=31&salary=500,398,0,236
1646772749421,401,object_info_3,200,OK,Ne4kov 1-27,text,true,,330,164,73,73,http://162.55.220.72:5005/object_info_3?name=Igor&age=31&salary=500,401,0,236
1646772749422,420,user_info_3,200,OK,Ne4kov 1-64,text,true,,260,246,73,73,http://162.55.220.72:5005/user_info_3,420,0,235
1646772749423,423,object_info_2,200,OK,Ne4kov 1-50,text,true,,380,164,73,73,http://162.55.220.72:5005/object_info_2?name=Igor&age=31&salary=500,423,0,239
1646772749422,425,user_info_2,200,OK,Ne4kov 1-73,text,true,,380,246,73,73,http://162.55.220.72:5005/user_info_2,425,0,240
1646772749426,425,user_info_2,200,OK,Ne4kov 1-58,text,true,,380,246,73,73,http://162.55.220.72:5005/user_info_2,425,0,239
1646772749426,427,object_info_4,200,OK,Ne4kov 1-23,text,true,,201,165,73,73,http://162.55.220.72:5005/object_info_4?name=Igor&age=31&salary=1000,427,0,239
1646772749427,431,object_info_1,200,OK,Ne4kov 1-56,text,true,,210,163,72,72,http://162.55.220.72:5005/object_info_1?name=Igor&age=31&weight=66,431,0,352
1646772749440,431,get_method,200,OK,Ne4kov 1-88,text,true,,160,150,72,72,http://162.55.220.72:5005/get_method?name=Igor&age=31,431,0,340
1646772749454,428,user_info_3,200,OK,Ne4kov 1-65,text,true,,260,246,72,72,http://162.55.220.72:5005/user_info_3,428,0,328
1646772749455,429,user_info_2,200,OK,Ne4kov 1-74,text,true,,380,246,72,72,http://162.55.220.72:5005/user_info_2,429,0,327
1646772749308,579,object_info_1,200,OK,Ne4kov 1-54,text,true,,210,163,72,72,http://162.55.220.72:5005/object_info_1?name=Igor&age=31&weight=66,579,0,120
1646772749523,373,get_method,200,OK,Ne4kov 1-90,text,true,,160,150,72,72,http://162.55.220.72:5005/get_method?name=Igor&age=31,373,0,259
1646772749498,400,get_method,200,OK,Ne4kov 1-89,text,true,,160,150,72,72,http://162.55.220.72:5005/get_method?name=Igor&age=31,399,0,285
1646772749532,367,get_method,200,OK,Ne4kov 1-91,text,true,,160,150,72,72,http://162.55.220.72:5005/get_method?name=Igor&age=31,367,0,251
1646772749545,369,object_info_4,200,OK,Ne4kov 1-36,text,true,,201,165,72,72,http://162.55.220.72:5005/object_info_4?name=Igor&age=31&salary=1000,369,0,258
1646772749546,368,object_info_4,200,OK,Ne4kov 1-37,text,true,,201,165,72,72,http://162.55.220.72:5005/object_info_4?name=Igor&age=31&salary=1000,368,0,257
1646772749546,371,user_info_3,200,OK,Ne4kov 1-67,text,true,,260,246,70,70,http://162.55.220.72:5005/user_info_3,371,0,257
1646772749546,373,object_info_3,200,OK,Ne4kov 1-44,text,true,,330,164,70,70,http://162.55.220.72:5005/object_info_3?name=Igor&age=31&salary=500,373,0,257
1646772749547,375,object_info_3,200,OK,Ne4kov 1-31,text,true,,330,164,70,70,http://162.55.220.72:5005/object_info_3?name=Igor&age=31&salary=500,375,0,256
1646772749548,379,object_info_2,200,OK,Ne4kov 1-51,text,true,,380,164,70,70,http://162.55.220.72:5005/object_info_2?name=Igor&age=31&salary=500,379,0,256
1646772748982,954,user_info_3,200,OK,Ne4kov 1-57,text,true,,260,246,70,70,http://162.55.220.72:5005/user_info_3,954,0,136
1646772749547,397,object_info_4,200,OK,Ne4kov 1-38,text,true,,201,165,70,70,http://162.55.220.72:5005/object_info_4?name=Igor&age=31&salary=1000,397,0,261
1646772749610,339,get_method,200,OK,Ne4kov 1-93,text,true,,160,150,69,69,http://162.55.220.72:5005/get_method?name=Igor&age=31,339,0,200
1646772748642,1308,object_info_3,200,OK,Ne4kov 1-28,text,true,,330,164,69,69,http://162.55.220.72:5005/object_info_3?name=Igor&age=31&salary=500,1308,0,1169
1646772749588,365,get_method,200,OK,Ne4kov 1-92,text,true,,160,150,69,69,http://162.55.220.72:5005/get_method?name=Igor&age=31,365,0,221
1646772749649,317,user_info_3,200,OK,Ne4kov 1-66,text,true,,260,246,69,69,http://162.55.220.72:5005/user_info_3,317,0,163
1646772749650,320,object_info_1,200,OK,Ne4kov 1-59,text,true,,210,163,69,69,http://162.55.220.72:5005/object_info_1?name=Igor&age=31&weight=66,319,0,163
1646772749655,322,user_info_2,200,OK,Ne4kov 1-76,text,true,,380,246,69,69,http://162.55.220.72:5005/user_info_2,321,0,160
1646772749727,274,get_method,200,OK,Ne4kov 1-96,text,true,,160,150,69,69,http://162.55.220.72:5005/get_method?name=Igor&age=31,273,0,124
1646772749747,253,get_method,200,OK,Ne4kov 1-97,text,true,,160,150,69,69,http://162.55.220.72:5005/get_method?name=Igor&age=31,253,0,102
1646772749762,244,get_method,200,OK,Ne4kov 1-99,text,true,,160,150,69,69,http://162.55.220.72:5005/get_method?name=Igor&age=31,244,0,93
1646772749756,250,get_method,200,OK,Ne4kov 1-98,text,true,,160,150,69,69,http://162.55.220.72:5005/get_method?name=Igor&age=31,250,0,98
1646772749780,233,user_info_2,200,OK,Ne4kov 1-81,text,true,,380,246,69,69,http://162.55.220.72:5005/user_info_2,233,0,89
1646772749781,237,object_info_2,200,OK,Ne4kov 1-53,text,true,,380,164,69,69,http://162.55.220.72:5005/object_info_2?name=Igor&age=31&salary=500,236,0,93
1646772749782,245,object_info_1,200,OK,Ne4kov 1-32,text,true,,210,163,69,69,http://162.55.220.72:5005/object_info_1?name=Igor&age=31&weight=66,245,0,101
1646772749783,251,user_info_3,200,OK,Ne4kov 1-70,text,true,,260,246,69,69,http://162.55.220.72:5005/user_info_3,251,0,112
1646772749782,254,user_info_3,200,OK,Ne4kov 1-69,text,true,,260,246,69,69,http://162.55.220.72:5005/user_info_3,254,0,113
1646772749802,242,object_info_3,200,OK,Ne4kov 1-46,text,true,,330,164,69,69,http://162.55.220.72:5005/object_info_3?name=Igor&age=31&salary=500,242,0,98
1646772749802,247,user_info_2,200,OK,Ne4kov 1-84,text,true,,380,246,69,69,http://162.55.220.72:5005/user_info_2,247,0,99
1646772749802,253,object_info_2,200,OK,Ne4kov 1-55,text,true,,380,164,69,69,http://162.55.220.72:5005/object_info_2?name=Igor&age=31&salary=500,253,0,105
1646772749804,272,user_info_3,200,OK,Ne4kov 1-71,text,true,,260,246,69,69,http://162.55.220.72:5005/user_info_3,272,0,124
1646772749805,272,get_method,200,OK,Ne4kov 1-100,text,true,,160,150,69,69,http://162.55.220.72:5005/get_method?name=Igor&age=31,272,0,123
1646772749808,277,user_info_2,200,OK,Ne4kov 1-85,text,true,,380,246,69,69,http://162.55.220.72:5005/user_info_2,276,0,131
1646772749809,278,user_info_3,200,OK,Ne4kov 1-61,text,true,,260,246,69,69,http://162.55.220.72:5005/user_info_3,278,0,135
1646772749810,278,object_info_2,200,OK,Ne4kov 1-29,text,true,,380,164,69,69,http://162.55.220.72:5005/object_info_2?name=Igor&age=31&salary=500,278,0,137
1646772749811,299,user_info_2,200,OK,Ne4kov 1-86,text,true,,380,246,69,69,http://162.55.220.72:5005/user_info_2,298,0,150
1646772749812,300,user_info_2,200,OK,Ne4kov 1-87,text,true,,380,246,69,69,http://162.55.220.72:5005/user_info_2,300,0,151
1646772749812,301,object_info_3,200,OK,Ne4kov 1-43,text,true,,330,164,69,69,http://162.55.220.72:5005/object_info_3?name=Igor&age=31&salary=500,301,0,150
1646772749813,307,object_info_4,200,OK,Ne4kov 1-41,text,true,,201,165,69,69,http://162.55.220.72:5005/object_info_4?name=Igor&age=31&salary=1000,307,0,157
1646772749818,324,object_info_3,200,OK,Ne4kov 1-48,text,true,,330,164,68,68,http://162.55.220.72:5005/object_info_3?name=Igor&age=31&salary=500,322,0,162
1646772749819,324,user_info_3,200,OK,Ne4kov 1-72,text,true,,260,246,68,68,http://162.55.220.72:5005/user_info_3,324,0,161
1646772749847,296,user_info_3,200,OK,Ne4kov 1-73,text,true,,260,246,68,68,http://162.55.220.72:5005/user_info_3,296,0,143
1646772749823,321,object_info_4,200,OK,Ne4kov 1-27,text,true,,201,165,68,68,http://162.55.220.72:5005/object_info_4?name=Igor&age=31&salary=1000,321,0,160
1646772749846,327,object_info_3,200,OK,Ne4kov 1-50,text,true,,330,164,67,67,http://162.55.220.72:5005/object_info_3?name=Igor&age=31&salary=500,327,0,146
1646772749859,315,object_info_2,200,OK,Ne4kov 1-56,text,true,,380,164,67,67,http://162.55.220.72:5005/object_info_2?name=Igor&age=31&salary=500,315,0,143
1646772749872,304,user_info_2,200,OK,Ne4kov 1-88,text,true,,380,246,67,67,http://162.55.220.72:5005/user_info_2,304,0,137
1646772749852,326,user_info_3,200,OK,Ne4kov 1-58,text,true,,260,246,67,67,http://162.55.220.72:5005/user_info_3,325,0,150
1646772749882,297,object_info_1,200,OK,Ne4kov 1-65,text,true,,210,163,67,67,http://162.55.220.72:5005/object_info_1?name=Igor&age=31&weight=66,297,0,136
1646772749895,285,object_info_2,200,OK,Ne4kov 1-54,text,true,,380,164,67,67,http://162.55.220.72:5005/object_info_2?name=Igor&age=31&salary=500,284,0,132
1646772749885,294,user_info_3,200,OK,Ne4kov 1-74,text,true,,260,246,67,67,http://162.55.220.72:5005/user_info_3,294,0,140
1646772749896,293,user_info_2,200,OK,Ne4kov 1-90,text,true,,380,246,67,67,http://162.55.220.72:5005/user_info_2,293,0,140
1646772749898,294,user_info_2,200,OK,Ne4kov 1-89,text,true,,380,246,67,67,http://162.55.220.72:5005/user_info_2,293,0,140
1646772749899,294,user_info_2,200,OK,Ne4kov 1-91,text,true,,380,246,67,67,http://162.55.220.72:5005/user_info_2,294,0,144
1646772749917,285,object_info_1,200,OK,Ne4kov 1-67,text,true,,210,163,67,67,http://162.55.220.72:5005/object_info_1?name=Igor&age=31&weight=66,285,0,139
1646772749920,286,object_info_4,200,OK,Ne4kov 1-44,text,true,,201,165,67,67,http://162.55.220.72:5005/object_info_4?name=Igor&age=31&salary=1000,286,0,137
1646772749927,283,object_info_3,200,OK,Ne4kov 1-51,text,true,,330,164,66,66,http://162.55.220.72:5005/object_info_3?name=Igor&age=31&salary=500,282,0,137
1646772749922,287,object_info_4,200,OK,Ne4kov 1-31,text,true,,201,165,66,66,http://162.55.220.72:5005/object_info_4?name=Igor&age=31&salary=1000,287,0,137
1646772749936,287,object_info_1,200,OK,Ne4kov 1-57,text,true,,210,163,65,65,http://162.55.220.72:5005/object_info_1?name=Igor&age=31&weight=66,287,0,138
1646772749949,280,user_info_2,200,OK,Ne4kov 1-93,text,true,,380,246,65,65,http://162.55.220.72:5005/user_info_2,280,0,138
1646772749950,286,object_info_4,200,OK,Ne4kov 1-28,text,true,,201,165,65,65,http://162.55.220.72:5005/object_info_4?name=Igor&age=31&salary=1000,285,0,141
1646772749966,272,object_info_1,200,OK,Ne4kov 1-66,text,true,,210,163,64,64,http://162.55.220.72:5005/object_info_1?name=Igor&age=31&weight=66,272,0,136
1646772749953,286,user_info_2,200,OK,Ne4kov 1-92,text,true,,380,246,64,64,http://162.55.220.72:5005/user_info_2,285,0,139
1646772749970,295,object_info_2,200,OK,Ne4kov 1-59,text,true,,380,164,64,64,http://162.55.220.72:5005/object_info_2?name=Igor&age=31&salary=500,295,0,144
1646772749977,295,user_info_3,200,OK,Ne4kov 1-76,text,true,,260,246,64,64,http://162.55.220.72:5005/user_info_3,295,0,145
1646772750001,272,user_info_2,200,OK,Ne4kov 1-96,text,true,,380,246,64,64,http://162.55.220.72:5005/user_info_2,272,0,143
1646772750002,285,user_info_2,200,OK,Ne4kov 1-97,text,true,,380,246,64,64,http://162.55.220.72:5005/user_info_2,285,0,142
1646772750007,287,user_info_2,200,OK,Ne4kov 1-99,text,true,,380,246,64,64,http://162.55.220.72:5005/user_info_2,287,0,168
1646772750007,288,user_info_2,200,OK,Ne4kov 1-98,text,true,,380,246,64,64,http://162.55.220.72:5005/user_info_2,288,0,169
1646772750013,289,user_info_3,200,OK,Ne4kov 1-81,text,true,,260,246,64,64,http://162.55.220.72:5005/user_info_3,289,0,165
1646772750018,290,object_info_3,200,OK,Ne4kov 1-53,text,true,,330,164,64,64,http://162.55.220.72:5005/object_info_3?name=Igor&age=31&salary=500,290,0,160
1646772750034,274,object_info_1,200,OK,Ne4kov 1-70,text,true,,210,163,64,64,http://162.55.220.72:5005/object_info_1?name=Igor&age=31&weight=66,274,0,145
1646772750037,289,object_info_1,200,OK,Ne4kov 1-69,text,true,,210,163,64,64,http://162.55.220.72:5005/object_info_1?name=Igor&age=31&weight=66,289,0,152
1646772750045,283,object_info_4,200,OK,Ne4kov 1-46,text,true,,201,165,64,64,http://162.55.220.72:5005/object_info_4?name=Igor&age=31&salary=1000,283,0,145
1646772750027,318,object_info_2,200,OK,Ne4kov 1-32,text,true,,380,164,63,63,http://162.55.220.72:5005/object_info_2?name=Igor&age=31&salary=500,318,0,162
1646772750049,297,user_info_3,200,OK,Ne4kov 1-84,text,true,,260,246,63,63,http://162.55.220.72:5005/user_info_3,297,0,146
1646772750056,291,object_info_3,200,OK,Ne4kov 1-55,text,true,,330,164,63,63,http://162.55.220.72:5005/object_info_3?name=Igor&age=31&salary=500,291,0,144
1646772750076,286,object_info_1,200,OK,Ne4kov 1-71,text,true,,210,163,63,63,http://162.55.220.72:5005/object_info_1?name=Igor&age=31&weight=66,286,0,147
1646772750085,277,user_info_3,200,OK,Ne4kov 1-85,text,true,,260,246,63,63,http://162.55.220.72:5005/user_info_3,277,0,138
1646772750087,276,object_info_1,200,OK,Ne4kov 1-61,text,true,,210,163,63,63,http://162.55.220.72:5005/object_info_1?name=Igor&age=31&weight=66,276,0,137
1646772750077,288,user_info_2,200,OK,Ne4kov 1-100,text,true,,380,246,63,63,http://162.55.220.72:5005/user_info_2,287,0,146
1646772750089,281,object_info_3,200,OK,Ne4kov 1-29,text,true,,330,164,63,63,http://162.55.220.72:5005/object_info_3?name=Igor&age=31&salary=500,281,0,145
1646772750113,268,object_info_4,200,OK,Ne4kov 1-43,text,true,,201,165,63,63,http://162.55.220.72:5005/object_info_4?name=Igor&age=31&salary=1000,268,0,134
1646772750110,275,user_info_3,200,OK,Ne4kov 1-86,text,true,,260,246,62,62,http://162.55.220.72:5005/user_info_3,274,0,136
1646772749656,733,object_info_4,200,OK,Ne4kov 1-12,text,true,,201,165,62,62,http://162.55.220.72:5005/object_info_4?name=Igor&age=31&salary=1000,732,0,160
1646772750113,276,user_info_3,200,OK,Ne4kov 1-87,text,true,,260,246,62,62,http://162.55.220.72:5005/user_info_3,275,0,138
1646772749656,735,object_info_1,200,OK,Ne4kov 1-60,text,true,,210,163,61,61,http://162.55.220.72:5005/object_info_1?name=Igor&age=31&weight=66,735,0,160
1646772750142,249,object_info_4,200,OK,Ne4kov 1-48,text,true,,201,165,61,61,http://162.55.220.72:5005/object_info_4?name=Igor&age=31&salary=1000,249,0,115
1646772749656,738,user_info_3,200,OK,Ne4kov 1-68,text,true,,260,246,60,60,http://162.55.220.72:5005/user_info_3,738,0,160
1646772749657,739,object_info_3,200,OK,Ne4kov 1-45,text,true,,330,164,60,60,http://162.55.220.72:5005/object_info_3?name=Igor&age=31&salary=500,739,0,164
1646772750143,268,object_info_1,200,OK,Ne4kov 1-73,text,true,,210,163,60,60,http://162.55.220.72:5005/object_info_1?name=Igor&age=31&weight=66,268,0,129
1646772750143,271,object_info_1,200,OK,Ne4kov 1-72,text,true,,210,163,60,60,http://162.55.220.72:5005/object_info_1?name=Igor&age=31&weight=66,271,0,130
1646772750178,248,object_info_1,200,OK,Ne4kov 1-58,text,true,,210,163,60,60,http://162.55.220.72:5005/object_info_1?name=Igor&age=31&weight=66,248,0,117
1646772750175,253,object_info_3,200,OK,Ne4kov 1-56,text,true,,330,164,60,60,http://162.55.220.72:5005/object_info_3?name=Igor&age=31&salary=500,253,0,118
1646772750180,256,object_info_1,200,OK,Ne4kov 1-74,text,true,,210,163,60,60,http://162.55.220.72:5005/object_info_1?name=Igor&age=31&weight=66,256,0,123
1646772749664,774,user_info_2,200,OK,Ne4kov 1-79,text,true,,380,246,60,60,http://162.55.220.72:5005/user_info_2,774,0,180
1646772750177,262,user_info_3,200,OK,Ne4kov 1-88,text,true,,260,246,60,60,http://162.55.220.72:5005/user_info_3,261,0,119
1646772749660,792,user_info_2,200,OK,Ne4kov 1-77,text,true,,380,246,60,60,http://162.55.220.72:5005/user_info_2,792,0,183
1646772749660,792,user_info_2,200,OK,Ne4kov 1-62,text,true,,380,246,60,60,http://162.55.220.72:5005/user_info_2,792,0,183
1646772750179,278,object_info_2,200,OK,Ne4kov 1-65,text,true,,380,164,60,60,http://162.55.220.72:5005/object_info_2?name=Igor&age=31&salary=500,278,0,130
1646772750180,286,object_info_3,200,OK,Ne4kov 1-54,text,true,,330,164,60,60,http://162.55.220.72:5005/object_info_3?name=Igor&age=31&salary=500,286,0,130
1646772750192,279,user_info_3,200,OK,Ne4kov 1-89,text,true,,260,246,60,60,http://162.55.220.72:5005/user_info_3,279,0,133
1646772749662,815,user_info_2,200,OK,Ne4kov 1-78,text,true,,380,246,60,60,http://162.55.220.72:5005/user_info_2,814,0,183
1646772749665,812,user_info_2,200,OK,Ne4kov 1-83,text,true,,380,246,60,60,http://162.55.220.72:5005/user_info_2,812,0,184
1646772749664,818,user_info_2,200,OK,Ne4kov 1-82,text,true,,380,246,60,60,http://162.55.220.72:5005/user_info_2,818,0,184
1646772749663,826,user_info_2,200,OK,Ne4kov 1-80,text,true,,380,246,60,60,http://162.55.220.72:5005/user_info_2,826,0,186
1646772750194,296,user_info_3,200,OK,Ne4kov 1-91,text,true,,260,246,60,60,http://162.55.220.72:5005/user_info_3,296,0,135
1646772750202,295,object_info_2,200,OK,Ne4kov 1-67,text,true,,380,164,60,60,http://162.55.220.72:5005/object_info_2?name=Igor&age=31&salary=500,295,0,144
1646772750210,293,object_info_4,200,OK,Ne4kov 1-51,text,true,,201,165,60,60,http://162.55.220.72:5005/object_info_4?name=Igor&age=31&salary=1000,293,0,138
1646772750229,279,user_info_3,200,OK,Ne4kov 1-93,text,true,,260,246,59,59,http://162.55.220.72:5005/user_info_3,279,0,130
1646772750223,289,object_info_2,200,OK,Ne4kov 1-57,text,true,,380,164,59,59,http://162.55.220.72:5005/object_info_2?name=Igor&age=31&salary=500,289,0,126
1646772750239,281,object_info_2,200,OK,Ne4kov 1-66,text,true,,380,164,59,59,http://162.55.220.72:5005/object_info_2?name=Igor&age=31&salary=500,281,0,127
1646772750239,291,user_info_3,200,OK,Ne4kov 1-92,text,true,,260,246,59,59,http://162.55.220.72:5005/user_info_3,291,0,131
1646772750272,275,object_info_1,200,OK,Ne4kov 1-76,text,true,,210,163,59,59,http://162.55.220.72:5005/object_info_1?name=Igor&age=31&weight=66,275,0,132
1646772750273,278,user_info_3,200,OK,Ne4kov 1-96,text,true,,260,246,59,59,http://162.55.220.72:5005/user_info_3,278,0,132
1646772750287,267,user_info_3,200,OK,Ne4kov 1-97,text,true,,260,246,59,59,http://162.55.220.72:5005/user_info_3,267,0,124
1646772750296,267,user_info_3,200,OK,Ne4kov 1-98,text,true,,260,246,59,59,http://162.55.220.72:5005/user_info_3,267,0,124
1646772750294,275,user_info_3,200,OK,Ne4kov 1-99,text,true,,260,246,59,59,http://162.55.220.72:5005/user_info_3,275,0,125
1646772750308,277,object_info_2,200,OK,Ne4kov 1-70,text,true,,380,164,59,59,http://162.55.220.72:5005/object_info_2?name=Igor&age=31&salary=500,277,0,144
1646772750308,289,object_info_4,200,OK,Ne4kov 1-53,text,true,,201,165,59,59,http://162.55.220.72:5005/object_info_4?name=Igor&age=31&salary=1000,289,0,145
1646772750345,275,object_info_3,200,OK,Ne4kov 1-32,text,true,,330,164,58,58,http://162.55.220.72:5005/object_info_3?name=Igor&age=31&salary=500,275,0,145
1646772750346,278,object_info_1,200,OK,Ne4kov 1-84,text,true,,210,163,58,58,http://162.55.220.72:5005/object_info_1?name=Igor&age=31&weight=66,278,0,147
1646772749062,1572,object_info_3,200,OK,Ne4kov 1-13,text,true,,330,164,58,58,http://162.55.220.72:5005/object_info_3?name=Igor&age=31&salary=500,1572,0,347
1646772750363,272,object_info_2,200,OK,Ne4kov 1-61,text,true,,380,164,58,58,http://162.55.220.72:5005/object_info_2?name=Igor&age=31&salary=500,272,0,149
1646772750362,281,object_info_2,200,OK,Ne4kov 1-71,text,true,,380,164,58,58,http://162.55.220.72:5005/object_info_2?name=Igor&age=31&salary=500,281,0,150
1646772750362,285,object_info_1,200,OK,Ne4kov 1-85,text,true,,210,163,58,58,http://162.55.220.72:5005/object_info_1?name=Igor&age=31&weight=66,285,0,151
1646772750385,270,object_info_1,200,OK,Ne4kov 1-86,text,true,,210,163,58,58,http://162.55.220.72:5005/object_info_1?name=Igor&age=31&weight=66,270,0,144
1646772750365,295,user_info_3,200,OK,Ne4kov 1-100,text,true,,260,246,58,58,http://162.55.220.72:5005/user_info_3,294,0,155
1646772750370,295,object_info_4,200,OK,Ne4kov 1-29,text,true,,201,165,58,58,http://162.55.220.72:5005/object_info_4?name=Igor&age=31&salary=1000,295,0,160
1646772750392,277,object_info_2,200,OK,Ne4kov 1-60,text,true,,380,164,57,57,http://162.55.220.72:5005/object_info_2?name=Igor&age=31&salary=500,277,0,146
1646772750389,280,object_info_1,200,OK,Ne4kov 1-87,text,true,,210,163,57,57,http://162.55.220.72:5005/object_info_1?name=Igor&age=31&weight=66,280,0,145
1646772750394,279,object_info_1,200,OK,Ne4kov 1-68,text,true,,210,163,57,57,http://162.55.220.72:5005/object_info_1?name=Igor&age=31&weight=66,279,0,148
1646772750397,279,object_info_4,200,OK,Ne4kov 1-45,text,true,,201,165,57,57,http://162.55.220.72:5005/object_info_4?name=Igor&age=31&salary=1000,279,0,147
1646772750411,268,object_info_2,200,OK,Ne4kov 1-73,text,true,,380,164,56,56,http://162.55.220.72:5005/object_info_2?name=Igor&age=31&salary=500,268,0,141
1646772750427,264,object_info_2,200,OK,Ne4kov 1-58,text,true,,380,164,56,56,http://162.55.220.72:5005/object_info_2?name=Igor&age=31&salary=500,264,0,139
1646772749428,1266,object_info_3,200,OK,Ne4kov 1-42,text,true,,330,164,56,56,http://162.55.220.72:5005/object_info_3?name=Igor&age=31&salary=500,1266,0,1139
1646772750414,282,object_info_2,200,OK,Ne4kov 1-72,text,true,,380,164,56,56,http://162.55.220.72:5005/object_info_2?name=Igor&age=31&salary=500,282,0,148
1646772749428,1271,object_info_1,200,OK,Ne4kov 1-40,text,true,,210,163,56,56,http://162.55.220.72:5005/object_info_1?name=Igor&age=31&weight=66,1271,0,1141
1646772750428,280,object_info_4,200,OK,Ne4kov 1-56,text,true,,201,165,56,56,http://162.55.220.72:5005/object_info_4?name=Igor&age=31&salary=1000,280,0,142
1646772750436,275,object_info_2,200,OK,Ne4kov 1-74,text,true,,380,164,55,55,http://162.55.220.72:5005/object_info_2?name=Igor&age=31&salary=500,275,0,139
1646772750439,280,user_info_3,200,OK,Ne4kov 1-79,text,true,,260,246,55,55,http://162.55.220.72:5005/user_info_3,280,0,138
1646772750439,286,object_info_1,200,OK,Ne4kov 1-88,text,true,,210,163,55,55,http://162.55.220.72:5005/object_info_1?name=Igor&age=31&weight=66,286,0,138
1646772750452,274,user_info_3,200,OK,Ne4kov 1-77,text,true,,260,246,55,55,http://162.55.220.72:5005/user_info_3,274,0,130
1646772750453,276,user_info_3,200,OK,Ne4kov 1-62,text,true,,260,246,55,55,http://162.55.220.72:5005/user_info_3,276,0,137
1646772750457,278,object_info_3,200,OK,Ne4kov 1-65,text,true,,330,164,55,55,http://162.55.220.72:5005/object_info_3?name=Igor&age=31&salary=500,277,0,133
1646772750466,269,object_info_4,200,OK,Ne4kov 1-54,text,true,,201,165,55,55,http://162.55.220.72:5005/object_info_4?name=Igor&age=31&salary=1000,269,0,125
1646772750472,270,object_info_1,200,OK,Ne4kov 1-89,text,true,,210,163,54,54,http://162.55.220.72:5005/object_info_1?name=Igor&age=31&weight=66,270,0,125
1646772750477,269,user_info_3,200,OK,Ne4kov 1-83,text,true,,260,246,54,54,http://162.55.220.72:5005/user_info_3,269,0,130
1646772750477,270,user_info_3,200,OK,Ne4kov 1-78,text,true,,260,246,54,54,http://162.55.220.72:5005/user_info_3,270,0,130
1646772750482,270,user_info_3,200,OK,Ne4kov 1-82,text,true,,260,246,54,54,http://162.55.220.72:5005/user_info_3,269,0,128
1646772750490,264,user_info_3,200,OK,Ne4kov 1-80,text,true,,260,246,54,54,http://162.55.220.72:5005/user_info_3,264,0,124
1646772750497,269,object_info_3,200,OK,Ne4kov 1-67,text,true,,330,164,54,54,http://162.55.220.72:5005/object_info_3?name=Igor&age=31&salary=500,269,0,127
1646772750490,280,object_info_1,200,OK,Ne4kov 1-91,text,true,,210,163,54,54,http://162.55.220.72:5005/object_info_1?name=Igor&age=31&weight=66,280,0,132
1646772750508,268,object_info_1,200,OK,Ne4kov 1-93,text,true,,210,163,54,54,http://162.55.220.72:5005/object_info_1?name=Igor&age=31&weight=66,268,0,126
1646772750513,272,object_info_3,200,OK,Ne4kov 1-57,text,true,,330,164,54,54,http://162.55.220.72:5005/object_info_3?name=Igor&age=31&salary=500,271,0,131
1646772750521,268,object_info_3,200,OK,Ne4kov 1-66,text,true,,330,164,54,54,http://162.55.220.72:5005/object_info_3?name=Igor&age=31&salary=500,268,0,128
1646772750530,266,object_info_1,200,OK,Ne4kov 1-92,text,true,,210,163,54,54,http://162.55.220.72:5005/object_info_1?name=Igor&age=31&weight=66,266,0,128
1646772750555,267,object_info_1,200,OK,Ne4kov 1-97,text,true,,210,163,54,54,http://162.55.220.72:5005/object_info_1?name=Igor&age=31&weight=66,267,0,129
1646772750548,275,object_info_2,200,OK,Ne4kov 1-76,text,true,,380,164,54,54,http://162.55.220.72:5005/object_info_2?name=Igor&age=31&salary=500,275,0,131
1646772750564,263,object_info_1,200,OK,Ne4kov 1-98,text,true,,210,163,54,54,http://162.55.220.72:5005/object_info_1?name=Igor&age=31&weight=66,263,0,124
1646772750552,276,object_info_1,200,OK,Ne4kov 1-96,text,true,,210,163,54,54,http://162.55.220.72:5005/object_info_1?name=Igor&age=31&weight=66,276,0,133
1646772750569,270,object_info_1,200,OK,Ne4kov 1-99,text,true,,210,163,54,54,http://162.55.220.72:5005/object_info_1?name=Igor&age=31&weight=66,270,0,133
1646772750586,269,object_info_3,200,OK,Ne4kov 1-70,text,true,,330,164,54,54,http://162.55.220.72:5005/object_info_3?name=Igor&age=31&salary=500,268,0,140
1646772749636,1223,get_method,200,OK,Ne4kov 1-94,text,true,,160,150,54,54,http://162.55.220.72:5005/get_method?name=Igor&age=31,1223,0,1098
1646772750620,262,object_info_4,200,OK,Ne4kov 1-32,text,true,,201,165,54,54,http://162.55.220.72:5005/object_info_4?name=Igor&age=31&salary=1000,262,0,138
1646772750624,265,object_info_2,200,OK,Ne4kov 1-84,text,true,,380,164,53,53,http://162.55.220.72:5005/object_info_2?name=Igor&age=31&salary=500,265,0,146
1646772750635,257,object_info_4,200,OK,Ne4kov 1-13,text,true,,201,165,53,53,http://162.55.220.72:5005/object_info_4?name=Igor&age=31&salary=1000,257,0,141
1646772750643,252,object_info_3,200,OK,Ne4kov 1-71,text,true,,330,164,52,52,http://162.55.220.72:5005/object_info_3?name=Igor&age=31&salary=500,252,0,136
1646772750635,271,object_info_3,200,OK,Ne4kov 1-61,text,true,,330,164,52,52,http://162.55.220.72:5005/object_info_3?name=Igor&age=31&salary=500,270,0,145
1646772750655,255,object_info_2,200,OK,Ne4kov 1-86,text,true,,380,164,52,52,http://162.55.220.72:5005/object_info_2?name=Igor&age=31&salary=500,255,0,131
1646772750647,265,object_info_2,200,OK,Ne4kov 1-85,text,true,,380,164,52,52,http://162.55.220.72:5005/object_info_2?name=Igor&age=31&salary=500,265,0,138
1646772750660,258,object_info_1,200,OK,Ne4kov 1-100,text,true,,210,163,52,52,http://162.55.220.72:5005/object_info_1?name=Igor&age=31&weight=66,258,0,136
1646772750347,575,object_info_4,200,OK,Ne4kov 1-55,text,true,,201,165,52,52,http://162.55.220.72:5005/object_info_4?name=Igor&age=31&salary=1000,575,0,153
1646772750669,253,object_info_3,200,OK,Ne4kov 1-60,text,true,,330,164,51,51,http://162.55.220.72:5005/object_info_3?name=Igor&age=31&salary=500,252,0,133
1646772750669,262,object_info_2,200,OK,Ne4kov 1-87,text,true,,380,164,51,51,http://162.55.220.72:5005/object_info_2?name=Igor&age=31&salary=500,262,0,134
1646772750679,254,object_info_3,200,OK,Ne4kov 1-73,text,true,,330,164,51,51,http://162.55.220.72:5005/object_info_3?name=Igor&age=31&salary=500,254,0,134
1646772750674,262,object_info_2,200,OK,Ne4kov 1-68,text,true,,380,164,51,51,http://162.55.220.72:5005/object_info_2?name=Igor&age=31&salary=500,262,0,135
1646772750692,261,object_info_3,200,OK,Ne4kov 1-58,text,true,,330,164,51,51,http://162.55.220.72:5005/object_info_3?name=Igor&age=31&salary=500,261,0,137
1646772750694,259,object_info_4,200,OK,Ne4kov 1-42,text,true,,201,165,51,51,http://162.55.220.72:5005/object_info_4?name=Igor&age=31&salary=1000,259,0,135
1646772750265,690,object_info_3,200,OK,Ne4kov 1-59,text,true,,330,164,50,50,http://162.55.220.72:5005/object_info_3?name=Igor&age=31&salary=500,690,0,131
1646772750302,657,object_info_1,200,OK,Ne4kov 1-81,text,true,,210,163,50,50,http://162.55.220.72:5005/object_info_1?name=Igor&age=31&weight=66,657,0,129
1646772750696,274,object_info_3,200,OK,Ne4kov 1-72,text,true,,330,164,50,50,http://162.55.220.72:5005/object_info_3?name=Igor&age=31&salary=500,274,0,135
1646772750711,261,object_info_3,200,OK,Ne4kov 1-74,text,true,,330,164,50,50,http://162.55.220.72:5005/object_info_3?name=Igor&age=31&salary=500,260,0,126
1646772750700,274,object_info_2,200,OK,Ne4kov 1-40,text,true,,380,164,50,50,http://162.55.220.72:5005/object_info_2?name=Igor&age=31&salary=500,274,0,136
1646772750719,262,object_info_1,200,OK,Ne4kov 1-79,text,true,,210,163,50,50,http://162.55.220.72:5005/object_info_1?name=Igor&age=31&weight=66,262,0,125
1646772750730,252,object_info_1,200,OK,Ne4kov 1-62,text,true,,210,163,50,50,http://162.55.220.72:5005/object_info_1?name=Igor&age=31&weight=66,252,0,120
1646772750726,258,object_info_2,200,OK,Ne4kov 1-88,text,true,,380,164,50,50,http://162.55.220.72:5005/object_info_2?name=Igor&age=31&salary=500,258,0,123
1646772750726,267,object_info_1,200,OK,Ne4kov 1-77,text,true,,210,163,50,50,http://162.55.220.72:5005/object_info_1?name=Igor&age=31&weight=66,267,0,130
1646772750743,252,object_info_2,200,OK,Ne4kov 1-89,text,true,,380,164,50,50,http://162.55.220.72:5005/object_info_2?name=Igor&age=31&salary=500,252,0,120
1646772750747,248,object_info_1,200,OK,Ne4kov 1-78,text,true,,210,163,50,50,http://162.55.220.72:5005/object_info_1?name=Igor&age=31&weight=66,248,0,116
1646772750735,271,object_info_4,200,OK,Ne4kov 1-65,text,true,,201,165,50,50,http://162.55.220.72:5005/object_info_4?name=Igor&age=31&salary=1000,270,0,129
1646772750747,264,object_info_1,200,OK,Ne4kov 1-83,text,true,,210,163,49,49,http://162.55.220.72:5005/object_info_1?name=Igor&age=31&weight=66,263,0,122
1646772750758,252,object_info_1,200,OK,Ne4kov 1-80,text,true,,210,163,49,49,http://162.55.220.72:5005/object_info_1?name=Igor&age=31&weight=66,252,0,116
1646772750768,245,object_info_4,200,OK,Ne4kov 1-67,text,true,,201,165,49,49,http://162.55.220.72:5005/object_info_4?name=Igor&age=31&salary=1000,245,0,106
1646772750752,268,object_info_1,200,OK,Ne4kov 1-82,text,true,,210,163,48,48,http://162.55.220.72:5005/object_info_1?name=Igor&age=31&weight=66,268,0,122
1646772750776,245,object_info_2,200,OK,Ne4kov 1-93,text,true,,380,164,48,48,http://162.55.220.72:5005/object_info_2?name=Igor&age=31&salary=500,245,0,110
1646772750770,254,object_info_2,200,OK,Ne4kov 1-91,text,true,,380,164,48,48,http://162.55.220.72:5005/object_info_2?name=Igor&age=31&salary=500,254,0,115
1646772750789,248,object_info_4,200,OK,Ne4kov 1-66,text,true,,201,165,48,48,http://162.55.220.72:5005/object_info_4?name=Igor&age=31&salary=1000,247,0,119
1646772750785,252,object_info_4,200,OK,Ne4kov 1-57,text,true,,201,165,47,47,http://162.55.220.72:5005/object_info_4?name=Igor&age=31&salary=1000,251,0,119
1646772750797,251,object_info_2,200,OK,Ne4kov 1-92,text,true,,380,164,46,46,http://162.55.220.72:5005/object_info_2?name=Igor&age=31&salary=500,251,0,118
1646772750822,234,object_info_2,200,OK,Ne4kov 1-97,text,true,,380,164,46,46,http://162.55.220.72:5005/object_info_2?name=Igor&age=31&salary=500,234,0,108
1646772750823,248,object_info_3,200,OK,Ne4kov 1-76,text,true,,330,164,46,46,http://162.55.220.72:5005/object_info_3?name=Igor&age=31&salary=500,248,0,116
1646772750828,246,object_info_2,200,OK,Ne4kov 1-96,text,true,,380,164,46,46,http://162.55.220.72:5005/object_info_2?name=Igor&age=31&salary=500,246,0,114
1646772750827,250,object_info_2,200,OK,Ne4kov 1-98,text,true,,380,164,46,46,http://162.55.220.72:5005/object_info_2?name=Igor&age=31&salary=500,250,0,113
1646772749646,1434,get_method,200,OK,Ne4kov 1-95,text,true,,160,150,46,46,http://162.55.220.72:5005/get_method?name=Igor&age=31,1434,0,165
1646772749815,1267,object_info_3,200,OK,Ne4kov 1-47,text,true,,330,164,46,46,http://162.55.220.72:5005/object_info_3?name=Igor&age=31&salary=500,1266,0,1135
1646772749822,1268,object_info_3,200,OK,Ne4kov 1-49,text,true,,330,164,46,46,http://162.55.220.72:5005/object_info_3?name=Igor&age=31&salary=500,1268,0,1138
1646772750839,254,object_info_2,200,OK,Ne4kov 1-99,text,true,,380,164,46,46,http://162.55.220.72:5005/object_info_2?name=Igor&age=31&salary=500,254,0,129
1646772749820,1276,object_info_1,200,OK,Ne4kov 1-63,text,true,,210,163,46,46,http://162.55.220.72:5005/object_info_1?name=Igor&age=31&weight=66,1276,0,1140
1646772749649,1463,user_info_2,200,OK,Ne4kov 1-75,text,true,,380,246,46,46,http://162.55.220.72:5005/user_info_2,1462,0,162
1646772750855,263,object_info_4,200,OK,Ne4kov 1-70,text,true,,201,165,46,46,http://162.55.220.72:5005/object_info_4?name=Igor&age=31&salary=1000,263,0,131
1646772750859,262,user_info_2,200,OK,Ne4kov 1-94,text,true,,380,246,45,45,http://162.55.220.72:5005/user_info_2,262,0,131
1646772749657,1492,object_info_2,200,OK,Ne4kov 1-52,text,true,,380,164,45,45,http://162.55.220.72:5005/object_info_2?name=Igor&age=31&salary=500,1491,0,162
1646772750906,251,object_info_4,200,OK,Ne4kov 1-61,text,true,,201,165,45,45,http://162.55.220.72:5005/object_info_4?name=Igor&age=31&salary=1000,251,0,128
1646772750896,264,object_info_4,200,OK,Ne4kov 1-71,text,true,,201,165,44,44,http://162.55.220.72:5005/object_info_4?name=Igor&age=31&salary=1000,264,0,136
1646772750911,252,object_info_3,200,OK,Ne4kov 1-86,text,true,,330,164,43,43,http://162.55.220.72:5005/object_info_3?name=Igor&age=31&salary=500,252,0,131
1646772750918,246,object_info_2,200,OK,Ne4kov 1-100,text,true,,380,164,43,43,http://162.55.220.72:5005/object_info_2?name=Igor&age=31&salary=500,246,0,125
1646772750912,260,object_info_3,200,OK,Ne4kov 1-85,text,true,,330,164,43,43,http://162.55.220.72:5005/object_info_3?name=Igor&age=31&salary=500,260,0,133
1646772750922,255,object_info_4,200,OK,Ne4kov 1-60,text,true,,201,165,43,43,http://162.55.220.72:5005/object_info_4?name=Igor&age=31&salary=1000,255,0,134
1646772750931,250,object_info_3,200,OK,Ne4kov 1-87,text,true,,330,164,42,42,http://162.55.220.72:5005/object_info_3?name=Igor&age=31&salary=500,250,0,127
1646772750933,253,object_info_4,200,OK,Ne4kov 1-73,text,true,,201,165,42,42,http://162.55.220.72:5005/object_info_4?name=Igor&age=31&salary=1000,252,0,127
1646772750936,252,object_info_3,200,OK,Ne4kov 1-68,text,true,,330,164,41,41,http://162.55.220.72:5005/object_info_3?name=Igor&age=31&salary=500,251,0,125
1646772750954,249,object_info_4,200,OK,Ne4kov 1-58,text,true,,201,165,41,41,http://162.55.220.72:5005/object_info_4?name=Igor&age=31&salary=1000,248,0,127
1646772750955,257,object_info_4,200,OK,Ne4kov 1-59,text,true,,201,165,40,40,http://162.55.220.72:5005/object_info_4?name=Igor&age=31&salary=1000,256,0,132
1646772750959,255,object_info_2,200,OK,Ne4kov 1-81,text,true,,380,164,39,39,http://162.55.220.72:5005/object_info_2?name=Igor&age=31&salary=500,255,0,128
1646772750972,248,object_info_4,200,OK,Ne4kov 1-74,text,true,,201,165,39,39,http://162.55.220.72:5005/object_info_4?name=Igor&age=31&salary=1000,248,0,128
1646772750981,248,object_info_2,200,OK,Ne4kov 1-79,text,true,,380,164,38,38,http://162.55.220.72:5005/object_info_2?name=Igor&age=31&salary=500,248,0,122
1646772750970,261,object_info_4,200,OK,Ne4kov 1-72,text,true,,201,165,38,38,http://162.55.220.72:5005/object_info_4?name=Igor&age=31&salary=1000,261,0,132
1646772750984,254,object_info_3,200,OK,Ne4kov 1-88,text,true,,330,164,37,37,http://162.55.220.72:5005/object_info_3?name=Igor&age=31&salary=500,253,0,123
1646772750974,264,object_info_3,200,OK,Ne4kov 1-40,text,true,,330,164,37,37,http://162.55.220.72:5005/object_info_3?name=Igor&age=31&salary=500,263,0,130
1646772750982,256,object_info_2,200,OK,Ne4kov 1-62,text,true,,380,164,37,37,http://162.55.220.72:5005/object_info_2?name=Igor&age=31&salary=500,256,0,123
1646772750995,257,object_info_3,200,OK,Ne4kov 1-89,text,true,,330,164,37,37,http://162.55.220.72:5005/object_info_3?name=Igor&age=31&salary=500,257,0,131
1646772750993,262,object_info_2,200,OK,Ne4kov 1-77,text,true,,380,164,37,37,http://162.55.220.72:5005/object_info_2?name=Igor&age=31&salary=500,262,0,133
1646772751011,245,object_info_2,200,OK,Ne4kov 1-80,text,true,,380,164,37,37,http://162.55.220.72:5005/object_info_2?name=Igor&age=31&salary=500,245,0,119
1646772750996,264,object_info_2,200,OK,Ne4kov 1-78,text,true,,380,164,37,37,http://162.55.220.72:5005/object_info_2?name=Igor&age=31&salary=500,264,0,132
1646772751022,240,object_info_3,200,OK,Ne4kov 1-93,text,true,,330,164,37,37,http://162.55.220.72:5005/object_info_3?name=Igor&age=31&salary=500,240,0,115
1646772751011,252,object_info_2,200,OK,Ne4kov 1-83,text,true,,380,164,37,37,http://162.55.220.72:5005/object_info_2?name=Igor&age=31&salary=500,252,0,121
1646772749842,1432,object_info_1,200,OK,Ne4kov 1-64,text,true,,210,163,37,37,http://162.55.220.72:5005/object_info_1?name=Igor&age=31&weight=66,1432,0,1303
1646772750190,1083,user_info_3,200,OK,Ne4kov 1-90,text,true,,260,246,37,37,http://162.55.220.72:5005/user_info_3,1083,0,127
1646772751021,247,object_info_2,200,OK,Ne4kov 1-82,text,true,,380,164,37,37,http://162.55.220.72:5005/object_info_2?name=Igor&age=31&salary=500,247,0,117
1646772751025,256,object_info_3,200,OK,Ne4kov 1-91,text,true,,330,164,37,37,http://162.55.220.72:5005/object_info_3?name=Igor&age=31&salary=500,256,0,124
1646772751049,241,object_info_3,200,OK,Ne4kov 1-92,text,true,,330,164,37,37,http://162.55.220.72:5005/object_info_3?name=Igor&age=31&salary=500,241,0,121
1646772751074,237,object_info_3,200,OK,Ne4kov 1-96,text,true,,330,164,37,37,http://162.55.220.72:5005/object_info_3?name=Igor&age=31&salary=500,237,0,116
1646772751072,244,object_info_4,200,OK,Ne4kov 1-76,text,true,,201,165,37,37,http://162.55.220.72:5005/object_info_4?name=Igor&age=31&salary=1000,243,0,119
1646772751080,237,user_info_2,200,OK,Ne4kov 1-95,text,true,,380,246,36,36,http://162.55.220.72:5005/user_info_2,237,0,117
1646772751078,240,object_info_3,200,OK,Ne4kov 1-98,text,true,,330,164,36,36,http://162.55.220.72:5005/object_info_3?name=Igor&age=31&salary=500,240,0,114
1646772751082,238,object_info_4,200,OK,Ne4kov 1-47,text,true,,201,165,36,36,http://162.55.220.72:5005/object_info_4?name=Igor&age=31&salary=1000,238,0,120
1646772751094,232,object_info_3,200,OK,Ne4kov 1-99,text,true,,330,164,35,35,http://162.55.220.72:5005/object_info_3?name=Igor&age=31&salary=500,232,0,119
1646772751091,240,object_info_4,200,OK,Ne4kov 1-49,text,true,,201,165,35,35,http://162.55.220.72:5005/object_info_4?name=Igor&age=31&salary=1000,240,0,123
1646772751096,243,object_info_2,200,OK,Ne4kov 1-63,text,true,,380,164,34,34,http://162.55.220.72:5005/object_info_2?name=Igor&age=31&salary=500,242,0,119
1646772751112,241,user_info_3,200,OK,Ne4kov 1-75,text,true,,260,246,34,34,http://162.55.220.72:5005/user_info_3,241,0,127
1646772751122,235,user_info_3,200,OK,Ne4kov 1-94,text,true,,260,246,34,34,http://162.55.220.72:5005/user_info_3,234,0,120
1646772751163,218,object_info_4,200,OK,Ne4kov 1-86,text,true,,201,165,34,34,http://162.55.220.72:5005/object_info_4?name=Igor&age=31&salary=1000,217,0,114
1646772751149,241,object_info_3,200,OK,Ne4kov 1-52,text,true,,330,164,33,33,http://162.55.220.72:5005/object_info_3?name=Igor&age=31&salary=500,241,0,131
1646772751172,220,object_info_4,200,OK,Ne4kov 1-85,text,true,,201,165,33,33,http://162.55.220.72:5005/object_info_4?name=Igor&age=31&salary=1000,219,0,114
1646772751164,231,object_info_3,200,OK,Ne4kov 1-100,text,true,,330,164,32,32,http://162.55.220.72:5005/object_info_3?name=Igor&age=31&salary=500,231,0,121
1646772751181,222,object_info_4,200,OK,Ne4kov 1-87,text,true,,201,165,32,32,http://162.55.220.72:5005/object_info_4?name=Igor&age=31&salary=1000,221,0,114
1646772750173,1257,object_info_4,200,OK,Ne4kov 1-50,text,true,,201,165,31,31,http://162.55.220.72:5005/object_info_4?name=Igor&age=31&salary=1000,1256,0,1139
1646772751214,217,object_info_3,200,OK,Ne4kov 1-81,text,true,,330,164,30,30,http://162.55.220.72:5005/object_info_3?name=Igor&age=31&salary=500,217,0,112
1646772751229,202,object_info_3,200,OK,Ne4kov 1-79,text,true,,330,164,30,30,http://162.55.220.72:5005/object_info_3?name=Igor&age=31&salary=500,202,0,108
1646772751238,195,object_info_4,200,OK,Ne4kov 1-88,text,true,,201,165,30,30,http://162.55.220.72:5005/object_info_4?name=Igor&age=31&salary=1000,194,0,103
1646772751238,198,object_info_3,200,OK,Ne4kov 1-62,text,true,,330,164,29,29,http://162.55.220.72:5005/object_info_3?name=Igor&age=31&salary=500,197,0,106
1646772751238,205,object_info_4,200,OK,Ne4kov 1-40,text,true,,201,165,29,29,http://162.55.220.72:5005/object_info_4?name=Igor&age=31&salary=1000,205,0,111
1646772751256,190,object_info_3,200,OK,Ne4kov 1-80,text,true,,330,164,28,28,http://162.55.220.72:5005/object_info_3?name=Igor&age=31&salary=500,190,0,102
1646772751253,194,object_info_4,200,OK,Ne4kov 1-89,text,true,,201,165,28,28,http://162.55.220.72:5005/object_info_4?name=Igor&age=31&salary=1000,193,0,103
1646772751260,192,object_info_3,200,OK,Ne4kov 1-78,text,true,,330,164,27,27,http://162.55.220.72:5005/object_info_3?name=Igor&age=31&salary=500,192,0,99
1646772751275,191,object_info_2,200,OK,Ne4kov 1-64,text,true,,380,164,27,27,http://162.55.220.72:5005/object_info_2?name=Igor&age=31&salary=500,191,0,94
1646772751263,204,object_info_3,200,OK,Ne4kov 1-83,text,true,,330,164,27,27,http://162.55.220.72:5005/object_info_3?name=Igor&age=31&salary=500,203,0,105
1646772751262,205,object_info_4,200,OK,Ne4kov 1-93,text,true,,201,165,27,27,http://162.55.220.72:5005/object_info_4?name=Igor&age=31&salary=1000,205,0,102
1646772751276,194,object_info_3,200,OK,Ne4kov 1-82,text,true,,330,164,26,26,http://162.55.220.72:5005/object_info_3?name=Igor&age=31&salary=500,193,0,97
1646772751256,214,object_info_3,200,OK,Ne4kov 1-77,text,true,,330,164,26,26,http://162.55.220.72:5005/object_info_3?name=Igor&age=31&salary=500,214,0,108
1646772751282,191,object_info_4,200,OK,Ne4kov 1-91,text,true,,201,165,26,26,http://162.55.220.72:5005/object_info_4?name=Igor&age=31&salary=1000,190,0,97
1646772751275,199,object_info_1,200,OK,Ne4kov 1-90,text,true,,210,163,25,25,http://162.55.220.72:5005/object_info_1?name=Igor&age=31&weight=66,199,0,99
1646772751317,178,user_info_3,200,OK,Ne4kov 1-95,text,true,,260,246,25,25,http://162.55.220.72:5005/user_info_3,178,0,85
1646772751311,186,object_info_4,200,OK,Ne4kov 1-96,text,true,,201,165,25,25,http://162.55.220.72:5005/object_info_4?name=Igor&age=31&salary=1000,185,0,88
1646772751318,195,object_info_4,200,OK,Ne4kov 1-98,text,true,,201,165,24,24,http://162.55.220.72:5005/object_info_4?name=Igor&age=31&salary=1000,195,0,113
1646772751339,180,object_info_3,200,OK,Ne4kov 1-63,text,true,,330,164,23,23,http://162.55.220.72:5005/object_info_3?name=Igor&age=31&salary=500,179,0,92
1646772751327,194,object_info_4,200,OK,Ne4kov 1-99,text,true,,201,165,23,23,http://162.55.220.72:5005/object_info_4?name=Igor&age=31&salary=1000,194,0,104
1646772751353,179,object_info_1,200,OK,Ne4kov 1-75,text,true,,210,163,22,22,http://162.55.220.72:5005/object_info_1?name=Igor&age=31&weight=66,179,0,90
1646772751357,189,object_info_1,200,OK,Ne4kov 1-94,text,true,,210,163,22,22,http://162.55.220.72:5005/object_info_1?name=Igor&age=31&weight=66,189,0,96
1646772749661,1904,object_info_2,200,OK,Ne4kov 1-39,text,true,,380,164,22,22,http://162.55.220.72:5005/object_info_2?name=Igor&age=31&salary=500,1904,0,182
1646772751395,176,object_info_4,200,OK,Ne4kov 1-100,text,true,,201,165,22,22,http://162.55.220.72:5005/object_info_4?name=Igor&age=31&salary=1000,176,0,97
1646772751390,185,object_info_4,200,OK,Ne4kov 1-52,text,true,,201,165,21,21,http://162.55.220.72:5005/object_info_4?name=Igor&age=31&salary=1000,185,0,99
1646772750327,1251,object_info_2,200,OK,Ne4kov 1-69,text,true,,380,164,20,20,http://162.55.220.72:5005/object_info_2?name=Igor&age=31&salary=500,1251,0,1168
1646772751431,160,object_info_4,200,OK,Ne4kov 1-79,text,true,,201,165,20,20,http://162.55.220.72:5005/object_info_4?name=Igor&age=31&salary=1000,160,0,84
1646772751431,171,object_info_4,200,OK,Ne4kov 1-81,text,true,,201,165,19,19,http://162.55.220.72:5005/object_info_4?name=Igor&age=31&salary=1000,171,0,93
1646772751436,168,object_info_4,200,OK,Ne4kov 1-62,text,true,,201,165,18,18,http://162.55.220.72:5005/object_info_4?name=Igor&age=31&salary=1000,168,0,90
1646772751446,168,object_info_4,200,OK,Ne4kov 1-80,text,true,,201,165,17,17,http://162.55.220.72:5005/object_info_4?name=Igor&age=31&salary=1000,168,0,90
1646772751452,166,object_info_4,200,OK,Ne4kov 1-78,text,true,,201,165,16,16,http://162.55.220.72:5005/object_info_4?name=Igor&age=31&salary=1000,166,0,84
1646772751467,158,object_info_4,200,OK,Ne4kov 1-83,text,true,,201,165,15,15,http://162.55.220.72:5005/object_info_4?name=Igor&age=31&salary=1000,158,0,78
1646772751466,159,object_info_3,200,OK,Ne4kov 1-64,text,true,,330,164,15,15,http://162.55.220.72:5005/object_info_3?name=Igor&age=31&salary=500,158,0,79
1646772751471,159,object_info_4,200,OK,Ne4kov 1-77,text,true,,201,165,14,14,http://162.55.220.72:5005/object_info_4?name=Igor&age=31&salary=1000,159,0,77
1646772751470,168,object_info_4,200,OK,Ne4kov 1-82,text,true,,201,165,13,13,http://162.55.220.72:5005/object_info_4?name=Igor&age=31&salary=1000,168,0,82
1646772751474,169,object_info_2,200,OK,Ne4kov 1-90,text,true,,380,164,12,12,http://162.55.220.72:5005/object_info_2?name=Igor&age=31&salary=500,169,0,85
1646772751495,154,object_info_1,200,OK,Ne4kov 1-95,text,true,,210,163,12,12,http://162.55.220.72:5005/object_info_1?name=Igor&age=31&weight=66,154,0,78
1646772751519,152,object_info_4,200,OK,Ne4kov 1-63,text,true,,201,165,12,12,http://162.55.220.72:5005/object_info_4?name=Igor&age=31&salary=1000,151,0,74
1646772751533,154,object_info_2,200,OK,Ne4kov 1-75,text,true,,380,164,11,11,http://162.55.220.72:5005/object_info_2?name=Igor&age=31&salary=500,154,0,77
1646772751547,160,object_info_2,200,OK,Ne4kov 1-94,text,true,,380,164,11,11,http://162.55.220.72:5005/object_info_2?name=Igor&age=31&salary=500,160,0,81
1646772751565,151,object_info_3,200,OK,Ne4kov 1-39,text,true,,330,164,11,11,http://162.55.220.72:5005/object_info_3?name=Igor&age=31&salary=500,151,0,74
1646772751578,156,object_info_3,200,OK,Ne4kov 1-69,text,true,,330,164,11,11,http://162.55.220.72:5005/object_info_3?name=Igor&age=31&salary=500,156,0,78
1646772751626,155,object_info_4,200,OK,Ne4kov 1-64,text,true,,201,165,11,11,http://162.55.220.72:5005/object_info_4?name=Igor&age=31&salary=1000,155,0,76
1646772751643,159,object_info_3,200,OK,Ne4kov 1-90,text,true,,330,164,10,10,http://162.55.220.72:5005/object_info_3?name=Igor&age=31&salary=500,158,0,76
1646772751649,155,object_info_2,200,OK,Ne4kov 1-95,text,true,,380,164,10,10,http://162.55.220.72:5005/object_info_2?name=Igor&age=31&salary=500,154,0,74
1646772751688,157,object_info_3,200,OK,Ne4kov 1-75,text,true,,330,164,10,10,http://162.55.220.72:5005/object_info_3?name=Igor&age=31&salary=500,157,0,75
1646772751707,147,object_info_3,200,OK,Ne4kov 1-94,text,true,,330,164,10,10,http://162.55.220.72:5005/object_info_3?name=Igor&age=31&salary=500,147,0,73
1646772751718,155,object_info_4,200,OK,Ne4kov 1-39,text,true,,201,165,10,10,http://162.55.220.72:5005/object_info_4?name=Igor&age=31&salary=1000,155,0,74
1646772751735,158,object_info_4,200,OK,Ne4kov 1-69,text,true,,201,165,9,9,http://162.55.220.72:5005/object_info_4?name=Igor&age=31&salary=1000,157,0,77
1646772750889,1058,object_info_3,200,OK,Ne4kov 1-84,text,true,,330,164,8,8,http://162.55.220.72:5005/object_info_3?name=Igor&age=31&salary=500,1058,0,135
1646772751804,149,object_info_3,200,OK,Ne4kov 1-95,text,true,,330,164,8,8,http://162.55.220.72:5005/object_info_3?name=Igor&age=31&salary=500,149,0,72
1646772751802,161,object_info_4,200,OK,Ne4kov 1-90,text,true,,201,165,8,8,http://162.55.220.72:5005/object_info_4?name=Igor&age=31&salary=1000,161,0,78
1646772751845,158,object_info_4,200,OK,Ne4kov 1-75,text,true,,201,165,7,7,http://162.55.220.72:5005/object_info_4?name=Igor&age=31&salary=1000,158,0,77
1646772751291,727,object_info_4,200,OK,Ne4kov 1-92,text,true,,201,165,6,6,http://162.55.220.72:5005/object_info_4?name=Igor&age=31&salary=1000,727,0,104
1646772751855,163,object_info_4,200,OK,Ne4kov 1-94,text,true,,201,165,6,6,http://162.55.220.72:5005/object_info_4?name=Igor&age=31&salary=1000,163,0,75
1646772751948,146,object_info_4,200,OK,Ne4kov 1-84,text,true,,201,165,4,4,http://162.55.220.72:5005/object_info_4?name=Igor&age=31&salary=1000,146,0,72
1646772751953,157,object_info_4,200,OK,Ne4kov 1-95,text,true,,201,165,3,3,http://162.55.220.72:5005/object_info_4?name=Igor&age=31&salary=1000,156,0,76
1646772751056,1151,object_info_3,200,OK,Ne4kov 1-97,text,true,,330,164,2,2,http://162.55.220.72:5005/object_info_3?name=Igor&age=31&salary=500,1151,0,1078
1646772752207,154,object_info_4,200,OK,Ne4kov 1-97,text,true,,201,165,2,2,http://162.55.220.72:5005/object_info_4?name=Igor&age=31&salary=1000,154,0,75
1646772751188,1184,object_info_4,200,OK,Ne4kov 1-68,text,true,,201,165,1,1,http://162.55.220.72:5005/object_info_4?name=Igor&age=31&salary=1000,1184,0,1109
